"lon","lat","tmpJan","tmpFeb","tmpMar","tmpApr","tmpMay","tmpJun","tmpJul","tmpAug","tmpSep","tmpOct","tmpNov","tmpDec","mtwa","mtco","mat"
-118.75,32.75,13.1999998092651,14.4000005722046,15.6999998092651,16.2000007629395,16.8000011444092,18.7000007629395,21.8000011444092,22.2000007629395,21.3999996185303,19.6000003814697,17.7000007629395,15,22.2000007629395,13.1999998092651,17.7250004609426
-118.25,32.75,12.3000001907349,13.6999998092651,15.3000001907349,15.8000001907349,16.6000003814697,19.1000003814697,22.3000011444092,22.7000007629395,21.3999996185303,19.3999996185303,17.3999996185303,14.3000001907349,22.7000007629395,12.3000001907349,17.5250001748403
-117.25,32.75,13.9000005722046,15.1999998092651,17.1000003814697,17.7000007629395,18.1000003814697,20,22.7000007629395,23.3999996185303,22.3000011444092,20.8999996185303,19,15.6999998092651,23.3999996185303,13.9000005722046,18.8333335717519
-116.75,32.75,9.40000057220459,11,13.1999998092651,14.4000005722046,16.3000011444092,20,23.8999996185303,23.8000011444092,21.3999996185303,18.2000007629395,15.4000005722046,11.6000003814697,23.8999996185303,9.40000057220459,16.5500003496806
-116.25,32.75,8.5,10.6000003814697,13.5,15.1999998092651,17.7000007629395,22.6000003814697,26.6000003814697,26.2000007629395,23.3000011444092,19.3000011444092,14.8000001907349,10.8000001907349,26.6000003814697,8.5,17.4250004291534
-115.75,32.75,12.6000003814697,15.4000005722046,18.8000011444092,21.3000011444092,23.7000007629395,29.2000007629395,32,31.6000003814697,28.8999996185303,24.6000003814697,19.5,14.5,32,12.6000003814697,22.6750004291534
-115.25,32.75,13.6999998092651,16.7000007629395,20.3999996185303,23.3000011444092,26,31.6000003814697,34.2000007629395,33.7000007629395,30.7000007629395,26.2000007629395,20.7000007629395,15.4000005722046,34.2000007629395,13.6999998092651,24.3833338419596
-114.75,32.75,14.1000003814697,17.1000003814697,20.8999996185303,23.6000003814697,26.6000003814697,32.4000015258789,34.9000015258789,34.4000015258789,31.2000007629395,26.5,20.8999996185303,15.6000003814697,34.9000015258789,14.1000003814697,24.8500005404154
-114.25,32.75,13.6000003814697,16.7000007629395,20.3999996185303,22.8000011444092,26.1000003814697,32.1000022888184,34.6000022888184,33.9000015258789,30.7000007629395,25.8999996185303,20.2000007629395,15.1000003814697,34.6000022888184,13.6000003814697,24.3416674931844
-113.75,32.75,13.6000003814697,16.8000011444092,20.5,23,26.3999996185303,32.6000022888184,34.9000015258789,34,30.8999996185303,26.1000003814697,20.5,15.1999998092651,34.9000015258789,13.6000003814697,24.541667064031
-113.25,32.75,13.8000001907349,17.2000007629395,20.7000007629395,23.3000011444092,26.6000003814697,32.5,35.2000007629395,34.1000022888184,31,26.3000011444092,20.7000007629395,15.3000001907349,35.2000007629395,13.8000001907349,24.7250006993612
-119.75,33.25,12.6000003814697,13.5,14.6999998092651,14.6999998092651,14.9000005722046,16.5,19.2000007629395,19.7000007629395,19.3999996185303,18.1000003814697,16.8000011444092,14.3000001907349,19.7000007629395,12.6000003814697,16.2000002861023
-119.25,33.25,12.6000003814697,13.8000001907349,15.1000003814697,15.3000001907349,15.9000005722046,17.8999996185303,20.8000011444092,21.1000003814697,20.5,18.7000007629395,17,14.4000005722046,21.1000003814697,12.6000003814697,16.9250003496806
-118.75,33.25,12.6000003814697,13.9000005722046,15.5,16,16.8999996185303,19.2000007629395,22.3999996185303,22.6000003814697,21.6000003814697,19.3999996185303,17.2000007629395,14.3000001907349,22.6000003814697,12.6000003814697,17.6333335240682
-118.25,33.25,12.4000005722046,14,15.8000001907349,16.5,17.6000003814697,20.3999996185303,23.6000003814697,23.8999996185303,22.3999996185303,20.1000003814697,17.7000007629395,14.3000001907349,23.8999996185303,12.4000005722046,18.2250001430511
-117.75,33.25,12.9000005722046,14.6999998092651,16.7000007629395,17.7000007629395,19,22.1000003814697,25.3999996185303,25.5,23.8000011444092,21.1000003814697,18.3999996185303,14.8000001907349,25.5,12.9000005722046,19.3416669368744
-117.25,33.25,12,13.5,15.4000005722046,16.3000011444092,17.7000007629395,20.6000003814697,23.8999996185303,24.3000011444092,22.3000011444092,19.8999996185303,17.3000011444092,13.8000001907349,24.3000011444092,12,18.0833338101705
-116.75,33.25,8.19999980926514,9.90000057220459,12,13,15.6999998092651,19.8000011444092,24.2000007629395,23.8000011444092,20.7000007629395,17.2000007629395,13.9000005722046,10.1000003814697,24.2000007629395,8.19999980926514,15.7083338101705
-116.25,33.25,10.4000005722046,12.9000005722046,15.9000005722046,18.1000003814697,21,25.7000007629395,29.7000007629395,29.1000003814697,25.8000011444092,21.5,17,12.4000005722046,29.7000007629395,10.4000005722046,19.9583338101705
-115.75,33.25,13.1000003814697,16.3999996185303,20,22.7000007629395,25.5,31.3000011444092,33.9000015258789,33.2999992370605,30.2000007629395,25.5,20.1000003814697,14.8000001907349,33.9000015258789,13.1000003814697,23.900000333786
-115.25,33.25,12.3000001907349,15.6000003814697,19.2000007629395,22,25.2000007629395,31.1000003814697,34,33.2999992370605,29.8000011444092,24.8999996185303,19.2000007629395,13.9000005722046,34,12.3000001907349,23.3750003178914
-114.75,33.25,12.1999998092651,15.4000005722046,18.8999996185303,21.6000003814697,24.8999996185303,31,33.7999992370605,33,29.5,24.3999996185303,18.7000007629395,13.6000003814697,33.7999992370605,12.1999998092651,23.0833333333333
-114.25,33.25,11.6999998092651,15,18.5,20.8999996185303,24.3999996185303,30.8000011444092,33.6000022888184,32.5,28.8000011444092,23.8000011444092,18.3000011444092,13.3000001907349,33.6000022888184,11.6999998092651,22.6333338419596
-113.75,33.25,12.3000001907349,15.6000003814697,19.2000007629395,21.8000011444092,25.3000011444092,31.7000007629395,34.4000015258789,33.1000022888184,29.3999996185303,24.3999996185303,19,13.8000001907349,34.4000015258789,12.3000001907349,23.3333339691162
-113.25,33.25,12.6000003814697,15.8000001907349,19.3999996185303,21.8999996185303,25.3000011444092,32,34.2999992370605,33,29.5,24.5,19.2000007629395,14,34.2999992370605,12.6000003814697,23.4583334128062
-120.25,33.75,11.9000005722046,12.8000001907349,13.8000001907349,13.9000005722046,14.1999998092651,15.3000001907349,17.8000011444092,18.3999996185303,18.5,17.3000011444092,15.8000001907349,13.5,18.5,11.9000005722046,15.2666669686635
-119.75,33.75,11.9000005722046,12.8000001907349,14,14.4000005722046,14.8000001907349,16.3000011444092,19,19.5,19.3999996185303,17.8000011444092,16,13.5,19.5,11.9000005722046,15.7833336194356
-118.25,33.75,14.1000003814697,15.1999998092651,16.8000011444092,17.5,18.3000011444092,20.2000007629395,23.2000007629395,23.6000003814697,22.7000007629395,20.8000011444092,18.8000011444092,15.5,23.6000003814697,14.1000003814697,18.891667286555
-117.75,33.75,12.5,13.8000001907349,15.4000005722046,16.2000007629395,17.3999996185303,20.2000007629395,23.5,23.8999996185303,22.1000003814697,20,17.6000003814697,14.3000001907349,23.8999996185303,12.5,18.0750002066294
-117.25,33.75,11.6999998092651,13.4000005722046,15.4000005722046,16.5,18.2000007629395,21.8000011444092,25.6000003814697,25.6000003814697,23.2000007629395,20.2000007629395,17.1000003814697,13.5,25.6000003814697,11.6999998092651,18.5166671276093
-116.75,33.75,6.90000009536743,8.69999980926514,10.8000001907349,12.1999998092651,15.1000003814697,19.6000003814697,24.2000007629395,23.6000003814697,20.2000007629395,16.3000011444092,12.6000003814697,8.69999980926514,24.2000007629395,6.90000009536743,14.9083336591721
-116.25,33.75,10.5,13.4000005722046,16.6000003814697,18.8999996185303,22.1000003814697,27.1000003814697,31.1000003814697,30.3000011444092,26.7000007629395,22.1000003814697,17.2000007629395,12.4000005722046,31.1000003814697,10.5,20.700000445048
-115.75,33.75,10.5,13.6000003814697,16.8000011444092,19.3999996185303,22.8000011444092,28.8999996185303,32.2000007629395,31.2000007629395,27.3999996185303,22.5,17.2000007629395,12.1999998092651,32.2000007629395,10.5,21.2250003019969
-115.25,33.75,11,14.3000001907349,17.8000011444092,20.3999996185303,23.8999996185303,30.3999996185303,33.2999992370605,32.2000007629395,28.3000011444092,23.3000011444092,17.7000007629395,12.6000003814697,33.2999992370605,11,22.1000003019969
-114.75,33.75,11.6000003814697,15.1999998092651,18.8000011444092,21.3999996185303,24.8999996185303,31.3000011444092,34.2000007629395,33.1000022888184,29.1000003814697,23.8999996185303,18.3000011444092,13.1000003814697,34.2000007629395,11.6000003814697,22.9083338578542
-114.25,33.75,11.3000001907349,14.6999998092651,18.3000011444092,20.8000011444092,24.5,30.8999996185303,33.7999992370605,32.6000022888184,28.6000003814697,23.3999996185303,17.8000011444092,12.6999998092651,33.7999992370605,11.3000001907349,22.4500003655752
-113.75,33.75,10.6999998092651,14.1000003814697,17.5,20.1000003814697,23.7000007629395,30.3000011444092,33.1000022888184,31.8000011444092,27.8000011444092,22.8000011444092,17.3999996185303,12.3000001907349,33.1000022888184,10.6999998092651,21.800000667572
-113.25,33.75,9.80000019073486,12.9000005722046,16.3000011444092,18.8000011444092,22.3000011444092,29.1000003814697,31.8000011444092,30.3999996185303,26.3999996185303,21.5,16.5,11.6000003814697,31.8000011444092,9.80000019073486,20.6166671117147
-120.25,34.25,11.6000003814697,12.6999998092651,13.9000005722046,14.1999998092651,14.6999998092651,16,18.3999996185303,18.8999996185303,18.8999996185303,17.5,15.6000003814697,13.1000003814697,18.8999996185303,11.6000003814697,15.4583333333333
-119.75,34.25,11.1000003814697,12.3000001907349,13.6000003814697,14.1000003814697,14.8000001907349,16.3999996185303,19.2000007629395,19.6000003814697,19.2000007629395,17.3999996185303,15.4000005722046,12.6999998092651,19.6000003814697,11.1000003814697,15.4833335876465
-119.25,34.25,12.1000003814697,13.5,15.1999998092651,15.8000001907349,16.8000011444092,19,22.2000007629395,22.3999996185303,21.2000007629395,19.1000003814697,16.8000011444092,13.8000001907349,22.3999996185303,12.1000003814697,17.3250003655752
-118.75,34.25,11.1000003814697,12.4000005722046,13.9000005722046,14.6000003814697,16.1000003814697,18.7000007629395,22.2000007629395,22.2000007629395,20.7000007629395,18.3999996185303,15.8000001907349,12.8000001907349,22.2000007629395,11.1000003814697,16.575000445048
-118.25,34.25,9.40000057220459,10.6000003814697,12,12.9000005722046,14.8000001907349,18,21.8999996185303,21.7000007629395,19.7000007629395,16.8999996185303,14.1000003814697,11,21.8999996185303,9.40000057220459,15.2500002384186
-117.75,34.25,7.30000019073486,8.5,9.90000057220459,11.1000003814697,13.5,17.2000007629395,21.6000003814697,21.2000007629395,18.6000003814697,15.1999998092651,12,8.90000057220459,21.6000003814697,7.30000019073486,13.7500003178914
-117.25,34.25,7.59999990463257,9.30000019073486,11.1999998092651,12.6000003814697,15.1999998092651,19.5,23.8999996185303,23.3000011444092,20.2000007629395,16.6000003814697,13.1000003814697,9.40000057220459,23.8999996185303,7.59999990463257,15.1583335796992
-116.75,34.25,4.09999990463257,5.70000028610229,7.59999990463257,9.10000038146973,12.4000005722046,17.2000007629395,21.8999996185303,21,17.5,13.5,9.69999980926514,6,21.8999996185303,4.09999990463257,12.1416667699814
-116.25,34.25,8.40000057220459,11.1000003814697,13.9000005722046,16.1000003814697,19.6000003814697,24.8000011444092,29.2000007629395,28.1000003814697,24.3000011444092,19.7000007629395,14.9000005722046,10.3000001907349,29.2000007629395,8.40000057220459,18.3666672706604
-115.75,34.25,8.60000038146973,11.6999998092651,14.8000001907349,17.3999996185303,21.2000007629395,26.8000011444092,30.8999996185303,29.7000007629395,25.7000007629395,20.7000007629395,15.4000005722046,10.6000003814697,30.8999996185303,8.60000038146973,19.4583337306976
-115.25,34.25,10.5,14,17.5,20.1000003814697,23.7000007629395,30.3999996185303,33.2999992370605,32.2000007629395,27.8999996185303,23,17.3000011444092,12.1999998092651,33.2999992370605,10.5,21.8416667779287
-114.75,34.25,10.5,14.1999998092651,17.7000007629395,20.3999996185303,24.1000003814697,30.7000007629395,33.6000022888184,32.4000015258789,28.1000003814697,23.1000003814697,17.3000011444092,12.1999998092651,33.6000022888184,10.5,22.0250005722046
-114.25,34.25,10.9000005722046,14.5,18.2000007629395,20.8000011444092,24.6000003814697,31.3000011444092,34,32.7999992370605,28.5,23.3000011444092,17.6000003814697,12.4000005722046,34,10.9000005722046,22.4083337783813
-113.75,34.25,9.30000019073486,12.6999998092651,16.1000003814697,18.7000007629395,22.3000011444092,29.1000003814697,31.8999996185303,30.5,26.3999996185303,21.3000011444092,16.1000003814697,11.1000003814697,31.8999996185303,9.30000019073486,20.4583336512248
-113.25,34.25,8.90000057220459,12.3000001907349,15.8000001907349,18.1000003814697,21.8000011444092,27.8999996185303,31.3999996185303,29.8999996185303,25.8999996185303,20.8000011444092,15.8000001907349,10.8000001907349,31.3999996185303,8.90000057220459,19.9500002066294
-120.75,34.75,11.1999998092651,12.5,13.8000001907349,14.1999998092651,14.9000005722046,16.3000011444092,18.5,18.8999996185303,18.8999996185303,17.3000011444092,15.3000001907349,12.6000003814697,18.8999996185303,11.1999998092651,15.3666668732961
-120.25,34.75,10.3000001907349,11.5,12.6999998092651,13.1999998092651,14.3000001907349,16,18.3999996185303,18.7000007629395,18.3999996185303,16.8000011444092,14.6000003814697,11.8000001907349,18.7000007629395,10.3000001907349,14.7250001430511
-119.75,34.75,7.70000028610229,8.60000038146973,9.80000019073486,10.6999998092651,12.6000003814697,15,18.3000011444092,18.3000011444092,17.2000007629395,14.8000001907349,12,9.10000038146973,18.3000011444092,7.70000028610229,12.8416670560837
-119.25,34.75,6.30000019073486,7.30000019073486,8.60000038146973,9.5,11.6999998092651,14.8000001907349,18.5,18.2000007629395,16.3000011444092,13.6000003814697,10.9000005722046,7.90000009536743,18.5,6.30000019073486,11.9666669766108
-118.75,34.75,6.80000019073486,8.10000038146973,9.69999980926514,10.9000005722046,13.3000001907349,16.8000011444092,20.7000007629395,20.2000007629395,18,14.9000005722046,11.6999998092651,8.5,20.7000007629395,6.80000019073486,13.3000003496806
-118.25,34.75,8.19999980926514,9.90000057220459,11.6999998092651,13,15.6000003814697,19.3999996185303,23.6000003814697,22.8999996185303,20.3000011444092,16.8000011444092,13.1999998092651,9.69999980926514,23.6000003814697,8.19999980926514,15.3583335081736
-117.75,34.75,8.80000019073486,10.6999998092651,12.6999998092651,14.3000001907349,17,21.2000007629395,25.3999996185303,24.7000007629395,21.8000011444092,17.8999996185303,14.1000003814697,10.4000005722046,25.3999996185303,8.80000019073486,16.5833335717519
-117.25,34.75,8.80000019073486,11,13.3000001907349,15.1000003814697,18.2000007629395,22.7000007629395,27.1000003814697,26.1000003814697,22.8999996185303,18.5,14.3000001907349,10.5,27.1000003814697,8.80000019073486,17.3750002384186
-116.75,34.75,7.20000028610229,9.60000038146973,12.3000001907349,14.1999998092651,17.6000003814697,22.7000007629395,27,26,22.3000011444092,17.8999996185303,13.4000005722046,9.10000038146973,27,7.20000028610229,16.6083336273829
-116.25,34.75,8.80000019073486,11.8000001907349,14.9000005722046,17.3000011444092,21,26.3999996185303,30.6000003814697,29.3999996185303,25.3999996185303,20.5,15.5,10.6999998092651,30.6000003814697,8.80000019073486,19.3583334287008
-115.75,34.75,8.80000019073486,12.1000003814697,15.4000005722046,18.1000003814697,22,27.8000011444092,31.7000007629395,30.5,26.3000011444092,21.2000007629395,15.6999998092651,10.8000001907349,31.7000007629395,8.80000019073486,20.0333337783813
-115.25,34.75,9.90000057220459,13.1999998092651,16.3999996185303,19.1000003814697,23.2000007629395,29.3000011444092,33,31.7000007629395,27.2000007629395,22,16.6000003814697,11.4000005722046,33,9.90000057220459,21.0833337306976
-114.75,34.75,9.90000057220459,13.5,17,19.8000011444092,23.7000007629395,30.6000003814697,33.2000007629395,32,27.6000003814697,22.6000003814697,16.7000007629395,11.6000003814697,33.2000007629395,9.90000057220459,21.5166671276093
-114.25,34.75,9.69999980926514,13.4000005722046,16.8999996185303,19.6000003814697,23.3999996185303,30.3000011444092,33,31.7000007629395,27.3999996185303,22.3000011444092,16.7000007629395,11.4000005722046,33,9.69999980926514,21.3166670004527
-113.75,34.75,7.09999990463257,10.1999998092651,13.4000005722046,15.8000001907349,19.5,26.3000011444092,29.1000003814697,27.7000007629395,23.7000007629395,19,13.9000005722046,9,29.1000003814697,7.09999990463257,17.8916670084
-113.25,34.75,5.30000019073486,8.40000057220459,11.5,13.6000003814697,17.1000003814697,23.1000003814697,26.7000007629395,25.2000007629395,21.3999996185303,16.8999996185303,12.1999998092651,7.30000019073486,26.7000007629395,5.30000019073486,15.725000222524
-121.25,35.25,11.1000003814697,12.5,13.8000001907349,13.9000005722046,15,16.5,18.3000011444092,18.8000011444092,18.8999996185303,17,15.1000003814697,12.3000001907349,18.8999996185303,11.1000003814697,15.2666669686635
-120.75,35.25,11.4000005722046,12.6000003814697,13.6000003814697,14,15.1000003814697,16.8999996185303,19,19.3999996185303,19.3999996185303,17.7000007629395,15.6999998092651,12.9000005722046,19.3999996185303,11.4000005722046,15.6416668097178
-120.25,35.25,8.90000057220459,10.4000005722046,11.8000001907349,12.6000003814697,14.6000003814697,16.8999996185303,19.6000003814697,19.7000007629395,18.8000011444092,16.2000007629395,13.5,10.4000005722046,19.7000007629395,8.90000057220459,14.450000445048
-119.75,35.25,8.5,10.6000003814697,12.6000003814697,13.9000005722046,16.3999996185303,19.2000007629395,22.5,22.2000007629395,20.6000003814697,17.2000007629395,13.6000003814697,9.90000057220459,22.5,8.5,15.6000003814697
-119.25,35.25,10,13.1000003814697,16.1000003814697,17.8999996185303,20.8999996185303,24.5,28.1000003814697,27.3000011444092,24.6000003814697,20.5,16,11.5,28.1000003814697,10,19.2083334922791
-118.75,35.25,8.80000019073486,11.5,14.1999998092651,16,19.2000007629395,23.2000007629395,27.2000007629395,26.3000011444092,23.3000011444092,19.1000003814697,14.6000003814697,10.3000001907349,27.2000007629395,8.80000019073486,17.8083337942759
-118.25,35.25,7,9,11.4000005722046,13.1000003814697,16.3999996185303,20.6000003814697,24.7000007629395,23.8000011444092,20.7000007629395,16.6000003814697,12.5,8.5,24.7000007629395,7,15.3583336671193
-117.75,35.25,9.10000038146973,11.8000001907349,14.5,16.5,19.8999996185303,24.3999996185303,28.5,27.3999996185303,24.1000003814697,19.5,15,10.6999998092651,28.5,9.10000038146973,18.4499999682109
-117.25,35.25,8.90000057220459,11.6000003814697,14.4000005722046,16.6000003814697,20.2000007629395,25,29.3000011444092,28.2000007629395,24.5,19.6000003814697,14.8000001907349,10.5,29.3000011444092,8.90000057220459,18.6333337624868
-116.75,35.25,7.90000009536743,11.1000003814697,14.1000003814697,16.3999996185303,20.2000007629395,24.6000003814697,29.8999996185303,28.6000003814697,24.3999996185303,19.3000011444092,14.6000003814697,10.1000003814697,29.8999996185303,7.90000009536743,18.4333335955938
-116.25,35.25,9.5,12.9000005722046,16.3999996185303,19.1000003814697,23,28.6000003814697,32.5,31.3000011444092,27,21.8000011444092,16.5,11.4000005722046,32.5,9.5,20.8333336512248
-115.75,35.25,8.5,11.9000005722046,15.4000005722046,18.3000011444092,22.3999996185303,28.3000011444092,32.1000022888184,30.8000011444092,26.3999996185303,21.2000007629395,15.6000003814697,10.5,32.1000022888184,8.5,20.1166672706604
-115.25,35.25,8.10000038146973,11.1999998092651,14.1999998092651,16.8999996185303,21.1000003814697,27.3999996185303,31.1000003814697,29.7000007629395,25.2000007629395,20.2000007629395,14.8000001907349,9.80000019073486,31.1000003814697,8.10000038146973,19.1416668891907
-114.75,35.25,8.60000038146973,12.3000001907349,15.8000001907349,18.3999996185303,22.6000003814697,28.8000011444092,32.5,31,26.3000011444092,21.1000003814697,15.9000005722046,10.6999998092651,32.5,8.60000038146973,20.3333336512248
-114.25,35.25,7.70000028610229,11.1999998092651,14.5,17,21.1000003814697,27.2000007629395,31.1000003814697,29.5,25,19.8000011444092,14.9000005722046,9.69999980926514,31.1000003814697,7.70000028610229,19.0583335955938
-113.75,35.25,5.40000009536743,8.69999980926514,12.1000003814697,14.1999998092651,17.8999996185303,24,27.6000003814697,26.1000003814697,22,17.6000003814697,12.6000003814697,7.70000028610229,27.6000003814697,5.40000009536743,16.3250001271566
-113.25,35.25,5.70000028610229,9.30000019073486,12.9000005722046,15,18.6000003814697,24.7000007629395,28.2000007629395,26.7000007629395,22.6000003814697,18,13.1000003814697,7.90000009536743,28.2000007629395,5.70000028610229,16.8916670481364
-121.25,35.75,10.1999998092651,11.6000003814697,12.6000003814697,13,14.3000001907349,16.2000007629395,18.1000003814697,18.5,18.5,16.5,14.4000005722046,11.4000005722046,18.5,10.1999998092651,14.6083335876465
-120.75,35.75,9.30000019073486,10.8000001907349,12.1000003814697,12.9000005722046,14.8000001907349,17.2000007629395,19.5,19.6000003814697,19,16.5,13.8000001907349,10.6000003814697,19.6000003814697,9.30000019073486,14.6750002702077
-120.25,35.75,9,11.1000003814697,13,14.1999998092651,16.8999996185303,19.7000007629395,22.3999996185303,22.2000007629395,20.8000011444092,17.3999996185303,13.9000005722046,10.1999998092651,22.3999996185303,9,15.9000001748403
-119.75,35.75,8.90000057220459,11.8000001907349,14.4000005722046,16.1000003814697,19.6000003814697,22.8000011444092,25.8999996185303,25.3000011444092,23.1000003814697,18.8000011444092,14.5,10.1000003814697,25.8999996185303,8.90000057220459,17.6083338260651
-119.25,35.75,8.60000038146973,11.8000001907349,14.9000005722046,17,21,24.8000011444092,28.5,27.5,24.7000007629395,19.7000007629395,14.5,9.80000019073486,28.5,8.60000038146973,18.5666670004527
-118.75,35.75,7.09999990463257,10,12.9000005722046,14.9000005722046,18.7000007629395,23,26.8999996185303,25.8000011444092,22.3999996185303,17.8000011444092,13.1000003814697,8.60000038146973,26.8999996185303,7.09999990463257,16.7666670084
-118.25,35.75,4.70000028610229,6.90000009536743,9.40000057220459,11.1999998092651,15,19.6000003814697,23.6000003814697,22.5,19.1000003814697,14.6000003814697,10.3000001907349,6.40000009536743,23.6000003814697,4.70000028610229,13.6083335479101
-117.75,35.75,7.59999990463257,10.4000005722046,13.5,15.8000001907349,19.7000007629395,24.5,28.6000003814697,27.3999996185303,23.6000003814697,18.6000003814697,13.6000003814697,9.19999980926514,28.6000003814697,7.59999990463257,17.7083335320155
-117.25,35.75,7.40000009536743,10.3000001907349,13.4000005722046,15.8000001907349,19.8000011444092,24.8999996185303,29.2000007629395,27.8999996185303,23.8999996185303,18.6000003814697,13.6000003814697,9,29.2000007629395,7.40000009536743,17.8166668812434
-116.75,35.75,8.60000038146973,12.5,16.1000003814697,18.6000003814697,22.7000007629395,27.3000011444092,32.4000015258789,31,26.5,20.8999996185303,15.8000001907349,10.8000001907349,32.4000015258789,8.60000038146973,20.2666670481364
-116.25,35.75,9,13.1000003814697,17,19.7000007629395,24,28.8000011444092,33.9000015258789,32.4000015258789,27.6000003814697,21.8000011444092,16.5,11.1999998092651,33.9000015258789,9,21.25000055631
-115.75,35.75,7,10.6999998092651,14.1999998092651,16.8999996185303,21.3999996185303,26.7000007629395,31.5,30,25,19.5,14.4000005722046,9.30000019073486,31.5,7,18.8833333651225
-115.25,35.75,5.80000019073486,9.40000057220459,12.8000001907349,15.5,20,25.3000011444092,30.2000007629395,28.5,23.7000007629395,18.5,13.5,8.40000057220459,30.2000007629395,5.80000019073486,17.6333336830139
-114.75,35.75,7.5,11.3000001907349,14.8000001907349,17.5,21.8000011444092,28.1000003814697,31.8000011444092,30.2000007629395,25.3999996185303,20.2000007629395,15.1000003814697,9.69999980926514,31.8000011444092,7.5,19.4500003655752
-114.25,35.75,6.59999990463257,10.4000005722046,13.8000001907349,16.3000011444092,20.5,26.7000007629395,30.5,28.8999996185303,24.3000011444092,19.1000003814697,14.1999998092651,8.80000019073486,30.5,6.59999990463257,18.3416669766108
-113.75,35.75,5.09999990463257,8.5,11.8000001907349,14,18,24,27.8999996185303,26.3999996185303,22,17,12.4000005722046,7.20000028610229,27.8999996185303,5.09999990463257,16.1916666825612
-113.25,35.75,5.20000028610229,9,12.8000001907349,14.9000005722046,18.7000007629395,24.7000007629395,28.3000011444092,26.8000011444092,22.6000003814697,17.7000007629395,12.9000005722046,7.5,28.3000011444092,5.20000028610229,16.7583338816961
-121.75,36.25,9.10000038146973,10.6000003814697,11.5,11.6999998092651,13.1000003814697,14.9000005722046,16.7000007629395,17.2000007629395,17.3000011444092,15.3000001907349,13.1999998092651,10.3000001907349,17.3000011444092,9.10000038146973,13.4083336989085
-121.25,36.25,8.10000038146973,9.69999980926514,10.8000001907349,11.4000005722046,13.3000001907349,15.6999998092651,17.8999996185303,18.1000003814697,17.6000003814697,15.1000003814697,12.4000005722046,9.19999980926514,18.1000003814697,8.10000038146973,13.2750001748403
-120.75,36.25,7.80000019073486,9.90000057220459,11.5,12.6000003814697,15.1999998092651,17.8999996185303,20.5,20.3999996185303,19.3000011444092,16,12.6000003814697,9,20.5,7.80000019073486,14.3916668097178
-120.25,36.25,8.19999980926514,11,13.3000001907349,15,18.3000011444092,21.5,24.3999996185303,23.8000011444092,22,17.8000011444092,13.6000003814697,9.40000057220459,24.3999996185303,8.19999980926514,16.525000333786
-119.75,36.25,7.70000028610229,11.1000003814697,14.1000003814697,16.2000007629395,20.3999996185303,23.8999996185303,27.1000003814697,26.1000003814697,23.5,18.6000003814697,13.6000003814697,8.90000057220459,27.1000003814697,7.70000028610229,17.6000002622604
-119.25,36.25,7.90000009536743,11.4000005722046,14.6000003814697,16.7000007629395,21,24.8000011444092,28.3999996185303,27.3000011444092,24.3999996185303,19.3999996185303,14.1999998092651,9.19999980926514,28.3999996185303,7.90000009536743,18.2750002145767
-118.75,36.25,4,6.20000028610229,8.80000019073486,10.6000003814697,14.8000001907349,19.3999996185303,23.2000007629395,22,18.5,13.6999998092651,9.5,5.5,23.2000007629395,4,13.0166667699814
-118.25,36.25,-0.300000011920929,1,2.79999995231628,4.30000019073486,8.5,12.6999998092651,17.6000003814697,16.6000003814697,12.8000001907349,8.5,5.09999990463257,1.60000002384186,17.6000003814697,-0.300000011920929,7.60000006854534
-117.75,36.25,3.70000004768372,6,8.80000019073486,11,15.1999998092651,20.3000011444092,24.3999996185303,23.1000003814697,19.2000007629395,14.1999998092651,9.5,5.40000009536743,24.3999996185303,3.70000004768372,13.4000001549721
-117.25,36.25,4.20000028610229,7.30000019073486,10.5,12.6999998092651,17,21.5,26.8000011444092,25.3999996185303,20.8000011444092,15.6000003814697,10.9000005722046,6.40000009536743,26.8000011444092,4.20000028610229,14.9250002702077
-116.75,36.25,7.70000028610229,11.8000001907349,15.8000001907349,18.3999996185303,22.8000011444092,27.5,32.7999992370605,31.2000007629395,26.3000011444092,20.3999996185303,15.1999998092651,9.90000057220459,32.7999992370605,7.70000028610229,19.9833335479101
-116.25,36.25,6.30000019073486,10.1000003814697,13.9000005722046,16.5,21.1000003814697,26,31.3999996185303,29.8000011444092,24.8000011444092,18.8000011444092,13.6999998092651,8.5,31.3999996185303,6.30000019073486,18.4083336989085
-115.75,36.25,3.20000004768372,6.40000009536743,9.60000038146973,12,16.6000003814697,21.5,27.1000003814697,25.5,20.6000003814697,15.1000003814697,10.4000005722046,5.80000019073486,27.1000003814697,3.20000004768372,14.4833335677783
-115.25,36.25,6.5,10.3000001907349,13.8000001907349,16.5,21.3000011444092,26.7000007629395,31.8000011444092,30.1000003814697,24.8000011444092,18.7000007629395,13.6999998092651,8.40000057220459,31.8000011444092,6.5,18.5500005086263
-114.75,36.25,6.70000028610229,10.6999998092651,14.4000005722046,17,21.7000007629395,27.5,31.8999996185303,30.3999996185303,25.2000007629395,19.3000011444092,14.5,8.69999980926514,31.8999996185303,6.70000028610229,19.0000001986821
-114.25,36.25,6.59999990463257,10.8000001907349,14.6000003814697,17.3000011444092,21.6000003814697,27.7000007629395,31.7000007629395,30.2000007629395,25.1000003814697,19.3999996185303,14.4000005722046,8.80000019073486,31.7000007629395,6.59999990463257,19.0166670878728
-113.75,36.25,3.90000009536743,7.59999990463257,11,13.3000001907349,17.3999996185303,23.3000011444092,27.3999996185303,25.8999996185303,21.2000007629395,16,11.5,6.20000028610229,27.3999996185303,3.90000009536743,15.3916667699814
-113.25,36.25,3,7,10.3000001907349,11.5,15.8000001907349,20.8999996185303,25.7000007629395,24.2000007629395,19.6000003814697,14.3000001907349,10.4000005722046,5.09999990463257,25.7000007629395,3,13.9833335479101
-122.25,36.75,10.6999998092651,12.6000003814697,13.8000001907349,13.6000003814697,15.1000003814697,15.9000005722046,17.8999996185303,18.3000011444092,18.3999996185303,16.3999996185303,14.9000005722046,11.6999998092651,18.3999996185303,10.6999998092651,14.941666841507
-121.75,36.75,9.69999980926514,12,13.5,13.6000003814697,15.8000001907349,17.3000011444092,19.8999996185303,20.2000007629395,19.7000007629395,16.7000007629395,14.3000001907349,10.6999998092651,20.2000007629395,9.69999980926514,15.2833336194356
-121.25,36.75,8,10.5,12.1999998092651,12.6999998092651,15.5,17.6000003814697,20.8000011444092,20.8000011444092,19.6000003814697,15.9000005722046,12.9000005722046,8.90000057220459,20.8000011444092,8,14.6166670322418
-120.75,36.75,8.30000019073486,11.3000001907349,13.6000003814697,14.6000003814697,18.2000007629395,20.7000007629395,24.3000011444092,23.8999996185303,22,17.5,13.6999998092651,9.19999980926514,24.3000011444092,8.30000019073486,16.4416669209798
-120.25,36.75,8.19999980926514,11.6000003814697,14.4000005722046,16,20.3000011444092,23.3000011444092,27.2000007629395,26.6000003814697,23.7000007629395,18.5,14.1000003814697,9.19999980926514,27.2000007629395,8.19999980926514,17.7583337624868
-119.75,36.75,8.19999980926514,11.8000001907349,15,17.2000007629395,21.8999996185303,25.3999996185303,29.7000007629395,28.7000007629395,25.1000003814697,19.2000007629395,14.3000001907349,9.10000038146973,29.7000007629395,8.19999980926514,18.8000002702077
-119.25,36.75,6.70000028610229,10.1999998092651,13.4000005722046,15.6000003814697,20.3999996185303,24.2000007629395,28.7000007629395,27.6000003814697,23.8000011444092,17.8000011444092,13,7.80000019073486,28.7000007629395,6.70000028610229,17.4333337545395
-118.75,36.75,0,1.5,3.60000014305115,5.40000009536743,9.90000057220459,13.8000001907349,18.8000011444092,17.8000011444092,13.9000005722046,9.10000038146973,5.30000019073486,1.60000002384186,18.8000011444092,0,8.39166703820229
-118.25,36.75,-0.100000001490116,1.70000004768372,3.79999995231628,5.59999990463257,10.1000003814697,14.4000005722046,19.3999996185303,18.3000011444092,14.1000003814697,9.40000057220459,5.70000028610229,1.80000007152557,19.3999996185303,-0.100000001490116,8.6833335775882
-117.75,36.75,3.90000009536743,6.90000009536743,10.4000005722046,12.6999998092651,17.3999996185303,22.2000007629395,26.8999996185303,25.6000003814697,20.8999996185303,15.1999998092651,10.6000003814697,5.80000019073486,26.8999996185303,3.90000009536743,14.8750000794729
-117.25,36.75,5.30000019073486,9.40000057220459,13.4000005722046,15.6000003814697,20.5,24.7000007629395,30.6000003814697,29.1000003814697,23.8000011444092,17.7000007629395,13,7.70000028610229,30.6000003814697,5.30000019073486,17.566667119662
-116.75,36.75,6,10.3000001907349,14.4000005722046,16.8000011444092,21.8000011444092,26.1000003814697,32.1000022888184,30.6000003814697,25.1000003814697,18.8000011444092,13.9000005722046,8.40000057220459,32.1000022888184,6,18.691667397817
-116.25,36.75,4.5,8.60000038146973,12.4000005722046,14.8000001907349,19.8999996185303,24.3000011444092,30.5,28.8999996185303,23.3000011444092,17.2000007629395,12.5,7,30.5,4.5,16.991666952769
-115.75,36.75,4.20000028610229,8,11.8000001907349,14.4000005722046,19.3999996185303,23.8999996185303,30.1000003814697,28.5,22.8999996185303,16.7000007629395,11.9000005722046,6.5,30.1000003814697,4.20000028610229,16.5250001351039
-115.25,36.75,2.90000009536743,6.40000009536743,9.69999980926514,11.9000005722046,16.6000003814697,22,27,25.6000003814697,20.3999996185303,14.8000001907349,10.4000005722046,5.09999990463257,27,2.90000009536743,14.4000001351039
-114.75,36.75,5.80000019073486,10.1999998092651,14.1000003814697,16.7000007629395,21.3999996185303,27,31.8000011444092,30.2000007629395,24.8000011444092,18.5,13.6999998092651,7.90000009536743,31.8000011444092,5.80000019073486,18.5083336432775
-114.25,36.75,5.30000019073486,9.60000038146973,13.6000003814697,16,20.7000007629395,26.1000003814697,30.8000011444092,29.3999996185303,24,18,13.3000001907349,7.40000009536743,30.8000011444092,5.30000019073486,17.8500002622604
-113.75,36.75,3,7.30000019073486,10.9000005722046,12.6999998092651,17.3999996185303,22.3999996185303,27.6000003814697,26,20.8999996185303,15.3000001907349,11,5.40000009536743,27.6000003814697,3,14.991666674614
-113.25,36.75,2.40000009536743,6.5,9.80000019073486,11.1999998092651,15.9000005722046,20.7000007629395,26,24.5,19.3999996185303,13.5,9.90000057220459,4.30000019073486,26,2.40000009536743,13.6750001509984
-122.25,37.25,10,12.1999998092651,13.8000001907349,13.9000005722046,16,17.3999996185303,19.8999996185303,20.2000007629395,19.8999996185303,16.8999996185303,14.8000001907349,11.1999998092651,20.2000007629395,10,15.5166666507721
-121.75,37.25,8,10.1999998092651,11.8000001907349,12.1999998092651,15.1999998092651,17.3000011444092,20.6000003814697,20.6000003814697,19.3000011444092,15.6000003814697,12.6999998092651,8.90000057220459,20.6000003814697,8,14.366666952769
-121.25,37.25,7.59999990463257,10.3000001907349,12.3000001907349,13.1999998092651,16.8000011444092,19.3000011444092,22.8999996185303,22.6000003814697,20.8000011444092,16.3999996185303,12.6999998092651,8.40000057220459,22.8999996185303,7.59999990463257,15.2750002940496
-120.75,37.25,8,11.4000005722046,14.1999998092651,15.5,19.7000007629395,22.6000003814697,26.6000003814697,26,23.3999996185303,18.1000003814697,13.9000005722046,9,26.6000003814697,8,17.3666668732961
-120.25,37.25,7.59999990463257,11.3000001907349,14.4000005722046,16.1000003814697,20.8000011444092,24.1000003814697,28.5,27.6000003814697,24.3999996185303,18.5,13.8000001907349,8.69999980926514,28.5,7.59999990463257,17.9833335479101
-119.75,37.25,5.90000009536743,9.10000038146973,12.1999998092651,14.1999998092651,19.1000003814697,22.8000011444092,27.6000003814697,26.3999996185303,22.6000003814697,16.6000003814697,11.9000005722046,6.90000009536743,27.6000003814697,5.90000009536743,16.2750002543132
-119.25,37.25,1.89999997615814,4.09999990463257,6.59999990463257,8.40000057220459,13.3000001907349,17.1000003814697,22.1000003814697,21.2000007629395,17,11.5,7.30000019073486,3.10000014305115,22.1000003814697,1.89999997615814,11.1333335340023
-118.75,37.25,-2.79999995231628,-1.80000007152557,-0.5,1,5.90000009536743,9.80000019073486,15.1000003814697,14.1999998092651,10.4000005722046,5.5,2,-1.39999997615814,15.1000003814697,-2.79999995231628,4.78333342075348
-118.25,37.25,1.30000007152557,3.79999995231628,6.59999990463257,8.40000057220459,13.4000005722046,18.1000003814697,23,21.8000011444092,16.8999996185303,11.4000005722046,7.20000028610229,2.79999995231628,23,1.30000007152557,11.2250002523263
-117.75,37.25,3.10000014305115,6.90000009536743,10.4000005722046,12.3000001907349,17.5,21.5,27.6000003814697,26.2000007629395,20.7000007629395,14.5,10.3000001907349,5.09999990463257,27.6000003814697,3.10000014305115,14.6750002503395
-117.25,37.25,2.60000014305115,6.09999990463257,9.5,11.5,16.8000011444092,20.8999996185303,27.2000007629395,25.7000007629395,20.1000003814697,14.1000003814697,9.80000019073486,4.80000019073486,27.2000007629395,2.60000014305115,14.0916669567426
-116.75,37.25,3.20000004768372,7.09999990463257,10.6999998092651,13,18.2000007629395,22.5,28.8999996185303,27.3000011444092,21.5,15.3000001907349,10.8000001907349,5.5,28.8999996185303,3.20000004768372,15.3333334724108
-116.25,37.25,1.5,5.30000019073486,8.60000038146973,10.6000003814697,15.9000005722046,19.5,26.8999996185303,25.3999996185303,19.5,13.3000001907349,9.30000019073486,3.79999995231628,26.8999996185303,1.5,13.3000000913938
-115.75,37.25,1.39999997615814,5.5,9,11.1999998092651,16.5,20.2000007629395,27.5,25.8999996185303,20,13.6000003814697,9.60000038146973,4,27.5,1.39999997615814,13.700000077486
-115.25,37.25,1.30000007152557,5.5,9.10000038146973,11.3000001907349,16.5,20.2000007629395,27.5,26,20.1000003814697,13.6000003814697,9.60000038146973,3.90000009536743,27.5,1.30000007152557,13.7166668872039
-114.75,37.25,2,6.59999990463257,9.90000057220459,11.5,16.8000011444092,20.8000011444092,27.8000011444092,26.3000011444092,20.3000011444092,13.6000003814697,9.90000057220459,4,27.8000011444092,2,14.1250005960464
-114.25,37.25,1.20000004768372,5.70000028610229,9.10000038146973,10.8000001907349,15.9000005722046,20.3999996185303,26.3999996185303,25,19.3000011444092,13.3000001907349,9.30000019073486,3.5,26.3999996185303,1.20000004768372,13.3250001867612
-113.75,37.25,1.10000002384186,5.59999990463257,9.10000038146973,10.5,15.3000001907349,19.8999996185303,25.7000007629395,24.2000007629395,18.8000011444092,12.6000003814697,9,3.20000004768372,25.7000007629395,1.10000002384186,12.9166669348876
-113.25,37.25,0.300000011920929,4.70000028610229,7.90000009536743,9.40000057220459,14.1999998092651,18.7000007629395,24.3999996185303,22.8999996185303,17.7000007629395,11.8000001907349,8.19999980926514,2.60000014305115,24.3999996185303,0.300000011920929,11.9000001400709
-122.75,37.75,9.5,11.6000003814697,13.1000003814697,13.1999998092651,15.6999998092651,16.6000003814697,19.3000011444092,19.7000007629395,19.5,16.2000007629395,13.9000005722046,10.5,19.7000007629395,9.5,14.900000333786
-122.25,37.75,10.1000003814697,12.6000003814697,14.3000001907349,14.3000001907349,16.3000011444092,17.3000011444092,19.2000007629395,19.8000011444092,19.8000011444092,17.3999996185303,15.1000003814697,11.6000003814697,19.8000011444092,10.1000003814697,15.6500005722046
-121.75,37.75,7.5,10.1000003814697,12.1999998092651,12.9000005722046,16.7000007629395,19.1000003814697,22.3000011444092,22.3999996185303,20.8000011444092,16.6000003814697,12.8000001907349,8.80000019073486,22.3999996185303,7.5,15.1833337148031
-121.25,37.75,7.90000009536743,11.1000003814697,13.6000003814697,15,19.6000003814697,22.6000003814697,26.3000011444092,26,23.2000007629395,17.8000011444092,13.4000005722046,8.69999980926514,26.3000011444092,7.90000009536743,17.1000004212062
-120.75,37.75,7.5,11.1999998092651,14.1999998092651,15.8000001907349,20.5,23.7000007629395,28,27.2000007629395,24.2000007629395,18.3999996185303,13.6999998092651,8.60000038146973,28,7.5,17.7500001589457
-120.25,37.75,5.80000019073486,9.10000038146973,12,13.6999998092651,18.7000007629395,22.2000007629395,27.1000003814697,26.1000003814697,22.3999996185303,16.3999996185303,11.8000001907349,7,27.1000003814697,5.80000019073486,16.0250001748403
-119.75,37.75,2.20000004768372,4.5,7,8.69999980926514,13.6000003814697,17.3999996185303,22.5,21.5,17.3999996185303,11.8000001907349,7.59999990463257,3.40000009536743,22.5,2.20000004768372,11.4666666388512
-119.25,37.75,-1.60000002384186,-0.100000001490116,1.60000002384186,3.20000004768372,8.19999980926514,11.9000005722046,17.3999996185303,16.5,12.3000001907349,7.20000028610229,3.40000009536743,-0.200000002980232,17.3999996185303,-1.60000002384186,6.65000005128483
-118.75,37.75,-1.10000002384186,0.800000011920929,2.90000009536743,4.80000019073486,10,13.9000005722046,19.6000003814697,18.5,13.9000005722046,8.40000057220459,4.40000009536743,0.300000011920929,19.6000003814697,-1.10000002384186,8.03333353996277
-118.25,37.75,-0.800000011920929,1.80000007152557,4.30000019073486,5.70000028610229,11.1000003814697,14.9000005722046,21.3999996185303,20,14.6000003814697,9,5.40000009536743,1.10000002384186,21.3999996185303,-0.800000011920929,9.04166680077712
-117.75,37.75,1.20000004768372,4.70000028610229,7.80000019073486,9.5,15.1000003814697,19.2000007629395,25.8000011444092,24.2000007629395,18.3999996185303,12.1999998092651,8.10000038146973,3.10000014305115,25.8000011444092,1.20000004768372,12.4416669607162
-117.25,37.75,1.80000007152557,6.09999990463257,9.40000057220459,11.1000003814697,16.7000007629395,20.3000011444092,27.7000007629395,26.2000007629395,20,13.4000005722046,9.5,3.90000009536743,27.7000007629395,1.80000007152557,13.841667085886
-116.75,37.75,2.70000004768372,7.20000028610229,10.9000005722046,12.6999998092651,18.3999996185303,22,29.5,27.8999996185303,21.7000007629395,14.8000001907349,10.6000003814697,4.80000019073486,29.5,2.70000004768372,15.2666667898496
-116.25,37.75,0.100000001490116,4,7,8.69999980926514,14.3000001907349,17.8999996185303,25.5,24,17.8999996185303,11.5,7.70000028610229,2.29999995231628,25.5,0.100000001490116,11.7416666230808
-115.75,37.75,0.400000005960464,4.90000009536743,8.30000019073486,9.90000057220459,15.6000003814697,18.5,26.8999996185303,25.3000011444092,18.8999996185303,12.3000001907349,8.60000038146973,2.70000004768372,26.8999996185303,0.400000005960464,12.6916668539246
-115.25,37.75,-0.100000001490116,4.5,8.10000038146973,9.60000038146973,15.3000001907349,18.2000007629395,26.6000003814697,25,18.6000003814697,11.9000005722046,8.30000019073486,2.29999995231628,26.6000003814697,-0.100000001490116,12.3583335994432
-114.75,37.75,-1.20000004768372,3.5,7,8.5,14.1000003814697,16.8999996185303,25.3000011444092,23.7000007629395,17.5,10.8000001907349,7.40000009536743,1.39999997615814,25.3000011444092,-1.20000004768372,11.2416668434938
-114.25,37.75,-1,3.70000004768372,6.90000009536743,8.5,13.6999998092651,17.3999996185303,24.7000007629395,23.2000007629395,17.3000011444092,10.6000003814697,7.09999990463257,1.20000004768372,24.7000007629395,-1,11.1083335479101
-113.75,37.75,-1.70000004768372,3.10000014305115,6.59999990463257,7.80000019073486,12.6999998092651,16.5,23.2000007629395,21.7000007629395,16.3000011444092,9.90000057220459,6.70000028610229,0.699999988079071,23.2000007629395,-1.70000004768372,10.2916669597228
-113.25,37.75,-1.60000002384186,3.20000004768372,6.80000019073486,8,12.9000005722046,16.8999996185303,23.3999996185303,21.8999996185303,16.3999996185303,10.1999998092651,6.90000009536743,0.900000035762787,23.3999996185303,-1.60000002384186,10.4916666001081
-123.25,38.25,9.10000038146973,11.3000001907349,12.8000001907349,12.9000005722046,15.6000003814697,17,19.8999996185303,20.1000003814697,19.1000003814697,15.6000003814697,13.3000001907349,10.1999998092651,20.1000003814697,9.10000038146973,14.7416668732961
-122.75,38.25,8.60000038146973,11.6000003814697,13.1999998092651,13.5,16.3999996185303,17.8999996185303,20.8000011444092,21.1000003814697,20.3999996185303,16.7000007629395,13.8000001907349,9.90000057220459,21.1000003814697,8.60000038146973,15.3250002066294
-122.25,38.25,8.19999980926514,11.1999998092651,13,13.5,16.8000011444092,18.6000003814697,21.6000003814697,21.7000007629395,20.7000007629395,16.7000007629395,13.3000001907349,9.40000057220459,21.7000007629395,8.19999980926514,15.3916670481364
-121.75,38.25,7.59999990463257,11.1999998092651,13.9000005722046,15.1999998092651,19.3999996185303,21.8999996185303,25.5,25.3000011444092,23.2000007629395,18,13.5,8.90000057220459,25.5,7.59999990463257,16.9666668176651
-121.25,38.25,7.80000019073486,11.3000001907349,14,15.4000005722046,20.3999996185303,23.6000003814697,27.6000003814697,27.1000003814697,24.1000003814697,18.3999996185303,13.6000003814697,8.80000019073486,27.6000003814697,7.80000019073486,17.6750001907349
-120.75,38.25,6.59999990463257,9.69999980926514,12.3000001907349,13.6999998092651,18.7000007629395,22.3999996185303,27,26.5,22.8000011444092,16.7000007629395,12.1999998092651,7.70000028610229,27,6.59999990463257,16.3583335081736
-120.25,38.25,3,5.20000028610229,7.5,8.80000019073486,13.9000005722046,17.8999996185303,22.8999996185303,22.2000007629395,17.7000007629395,11.9000005722046,7.90000009536743,4.09999990463257,22.8999996185303,3,11.9166668653488
-119.75,38.25,-1.10000002384186,0.5,2.29999995231628,3.60000014305115,8.90000057220459,12.6000003814697,18.1000003814697,17.3000011444092,12.6000003814697,7.30000019073486,3.60000014305115,0.200000002980232,18.1000003814697,-1.10000002384186,7.15833360577623
-119.25,38.25,-1.70000004768372,0.5,2.5,3.90000009536743,9.10000038146973,12.3000001907349,19.1000003814697,18.1000003814697,13,7.30000019073486,3.90000009536743,-0.400000005960464,19.1000003814697,-1.70000004768372,7.3000001385808
-118.75,38.25,-0.699999988079071,2.20000004768372,4.70000028610229,6.40000009536743,11.9000005722046,15.3000001907349,22.3000011444092,21.2000007629395,15.6999998092651,9.5,5.59999990463257,0.800000011920929,22.3000011444092,-0.699999988079071,9.57500023643176
-118.25,38.25,-0.300000011920929,3.5,6.40000009536743,7.80000019073486,13.6999998092651,16.8000011444092,24.8000011444092,23.5,17.2000007629395,10.6999998092651,6.90000009536743,1.80000007152557,24.8000011444092,-0.300000011920929,11.0666669259469
-117.75,38.25,-0.100000001490116,3.79999995231628,6.90000009536743,8.19999980926514,14,17.3999996185303,25.3000011444092,23.8000011444092,17.6000003814697,11.3000001907349,7.40000009536743,2.20000004768372,25.3000011444092,-0.100000001490116,11.4833335398386
-117.25,38.25,0.200000002980232,4.20000028610229,7.20000028610229,8.5,14.4000005722046,17.8000011444092,25.8000011444092,24.3000011444092,18.1000003814697,11.6999998092651,7.80000019073486,2.40000009536743,25.8000011444092,0.200000002980232,11.8666670881212
-116.75,38.25,-0.5,3.40000009536743,6.30000019073486,7.80000019073486,13.5,16.8999996185303,24.8999996185303,23.3999996185303,17.3000011444092,10.9000005722046,7.09999990463257,1.70000004768372,24.8999996185303,-0.5,11.0583334167798
-116.25,38.25,-1,2.90000009536743,5.80000019073486,7.40000009536743,13.1000003814697,16.5,24.3999996185303,22.8999996185303,16.8000011444092,10.4000005722046,6.70000028610229,1.30000007152557,24.3999996185303,-1,10.6000001728535
-115.75,38.25,-1.30000007152557,3.20000004768372,6.5,7.90000009536743,13.6000003814697,16.3000011444092,25.1000003814697,23.5,17,10.5,7,1.20000004768372,25.1000003814697,-1.30000007152557,10.8750001688798
-115.25,38.25,-1.70000004768372,2.90000009536743,6.40000009536743,7.90000009536743,13.5,16.2000007629395,24.8999996185303,23.3999996185303,16.8000011444092,10.1999998092651,6.80000019073486,0.800000011920929,24.8999996185303,-1.70000004768372,10.6750001162291
-114.75,38.25,-2.40000009536743,2.20000004768372,5.80000019073486,7.40000009536743,13,15.6000003814697,24.2000007629395,22.7000007629395,16.2000007629395,9.60000038146973,6.20000028610229,0.100000001490116,24.2000007629395,-2.40000009536743,10.0500002981474
-114.25,38.25,-2.79999995231628,1.70000004768372,5.09999990463257,6.5,11.8000001907349,14.8000001907349,22.8999996185303,21.5,15.3000001907349,8.80000019073486,5.59999990463257,-0.5,22.8999996185303,-2.79999995231628,9.22500002384186
-113.75,38.25,-3.5,1.5,5,6,11,14.6999998092651,22.1000003814697,20.5,14.6999998092651,7.90000009536743,5,-1,22.1000003814697,-3.5,8.65833334128062
-113.25,38.25,-3.10000014305115,2.20000004768372,6,7.09999990463257,12.1000003814697,16.5,23.2000007629395,21.5,15.5,8.60000038146973,5.70000028610229,-0.600000023841858,23.2000007629395,-3.10000014305115,9.55833346645037
-123.75,38.75,8.5,10.6999998092651,12,11.9000005722046,14.6999998092651,15.9000005722046,18.8000011444092,19.1000003814697,18.1000003814697,14.6000003814697,12.6000003814697,9.40000057220459,19.1000003814697,8.5,13.8583336671193
-123.25,38.75,8.30000019073486,11,12.3000001907349,12.8000001907349,16.8000011444092,18.5,22.3000011444092,22.3999996185303,20.7000007629395,16.1000003814697,12.8000001907349,9.19999980926514,22.3999996185303,8.30000019073486,15.2666669686635
-122.75,38.75,7.5,10.4000005722046,12,12.9000005722046,17.2000007629395,19.2000007629395,22.8999996185303,22.8999996185303,21,16.2000007629395,12.4000005722046,8.40000057220459,22.8999996185303,7.5,15.2500003178914
-122.25,38.75,6.80000019073486,10,12,13,17.3999996185303,20,23.7000007629395,23.3999996185303,21.3999996185303,16.3000011444092,12.1999998092651,8,23.7000007629395,6.80000019073486,15.3500000635783
-121.75,38.75,7.30000019073486,11,13.5,14.9000005722046,19.7000007629395,22.6000003814697,26.6000003814697,26.1000003814697,23.5,17.8000011444092,13.1999998092651,8.60000038146973,26.6000003814697,7.30000019073486,17.0666670004527
-121.25,38.75,6.80000019073486,10.5,13.1000003814697,14.5,19.8000011444092,22.8000011444092,27.3999996185303,26.8999996185303,23.6000003814697,17.5,13.1000003814697,8.19999980926514,27.3999996185303,6.80000019073486,17.0166668891907
-120.75,38.75,5.59999990463257,8.5,10.8000001907349,11.6999998092651,16.8000011444092,19.8999996185303,25.8000011444092,25.3000011444092,21.3999996185303,15,11.1999998092651,7.09999990463257,25.8000011444092,5.59999990463257,14.9250001907349
-120.25,38.75,0.100000001490116,2.40000009536743,4.59999990463257,5.70000028610229,10.8000001907349,13.8000001907349,20,19.2000007629395,14.5,8.80000019073486,5.40000009536743,1.39999997615814,20,0.100000001490116,8.89166680785517
-119.75,38.75,-1.5,0.800000011920929,3.10000014305115,4.20000028610229,9.60000038146973,12.6000003814697,19.2000007629395,18.3000011444092,13.1999998092651,7.5,4,-0.100000001490116,19.2000007629395,-1.5,7.57500024326146
-119.25,38.75,-1.5,1.20000004768372,3.79999995231628,5.09999990463257,10.6999998092651,13.9000005722046,20.8000011444092,19.8999996185303,14.4000005722046,8.40000057220459,4.5,0.100000001490116,20.8000011444092,-1.5,8.44166684957842
-118.75,38.75,-1.30000007152557,2.29999995231628,5.30000019073486,6.5,12.1999998092651,14.9000005722046,23,21.7000007629395,15.9000005722046,9.69999980926514,5.90000009536743,0.900000035762787,23,-1.30000007152557,9.75000014404456
-118.25,38.75,-0.400000005960464,3.79999995231628,6.90000009536743,8.19999980926514,14.4000005722046,17.3999996185303,25.8000011444092,24.5,17.8999996185303,11.3000001907349,7.40000009536743,1.89999997615814,25.8000011444092,-0.400000005960464,11.5916667555769
-117.75,38.75,-0.900000035762787,3,5.90000009536743,6.90000009536743,13,16.1000003814697,24.6000003814697,23,16.7000007629395,10.5,6.70000028610229,1.5,24.6000003814697,-0.900000035762787,10.5833334972461
-117.25,38.75,-1.80000007152557,1.70000004768372,4.20000028610229,5.20000028610229,11.1000003814697,14.4000005722046,22.8000011444092,21.3000011444092,15.3000001907349,9.19999980926514,5.5,0.5,22.8000011444092,-1.80000007152557,9.11666698257128
-116.75,38.75,-2.20000004768372,1.20000004768372,3.79999995231628,5,10.8000001907349,14,22.3999996185303,20.8000011444092,15,8.90000057220459,5.20000028610229,0.100000001490116,22.3999996185303,-2.20000004768372,8.75000014714897
-116.25,38.75,-2,2.10000014305115,5.20000028610229,6.30000019073486,12.1999998092651,14.6999998092651,23.8999996185303,22.3999996185303,16,9.5,6.09999990463257,0.400000005960464,23.8999996185303,-2,9.73333328217268
-115.75,38.75,-1.70000004768372,2.90000009536743,6.30000019073486,7.70000028610229,13.4000005722046,16,25,23.5,16.8000011444092,10.1999998092651,6.80000019073486,0.800000011920929,25,-1.70000004768372,10.6416668544213
-115.25,38.75,-3.10000014305115,1.30000007152557,4.80000019073486,6.20000028610229,11.8000001907349,14.3000001907349,23.2000007629395,21.7000007629395,15.1000003814697,8.60000038146973,5.40000009536743,-0.600000023841858,23.2000007629395,-3.10000014305115,9.05833359559377
-114.75,38.75,-4.30000019073486,0.600000023841858,4.40000009536743,5.70000028610229,11.1000003814697,13.6999998092651,22.3999996185303,20.7000007629395,14.3000001907349,7.80000019073486,4.80000019073486,-1.30000007152557,22.3999996185303,-4.30000019073486,8.32500010728836
-114.25,38.75,-4.30000019073486,0.900000035762787,4.80000019073486,5.90000009536743,11,14.1000003814697,22.5,20.7000007629395,14.4000005722046,7.5,4.70000028610229,-1.5,22.5,-4.30000019073486,8.39166684448719
-113.75,38.75,-4,1,4.90000009536743,6,10.9000005722046,14.6000003814697,22.3000011444092,20.5,14.3000001907349,7.5,4.70000028610229,-1.60000002384186,22.3000011444092,-4,8.42500022053719
-113.25,38.75,-3.5,2.10000014305115,6.70000028610229,7.90000009536743,12.9000005722046,17.3000011444092,24.3000011444092,22.5,16.1000003814697,8.80000019073486,5.70000028610229,-1,24.3000011444092,-3.5,9.98333368698756
-123.75,39.25,9,11.4000005722046,12.5,12.6999998092651,16.3000011444092,17.8999996185303,21.7000007629395,21.8999996185303,20.2000007629395,15.8000001907349,13.1000003814697,9.90000057220459,21.8999996185303,9,15.2000002861023
-123.25,39.25,7,9.5,10.6000003814697,11.1999998092651,15.8000001907349,17.8999996185303,22.2000007629395,22.2000007629395,19.8999996185303,14.8000001907349,11.3000001907349,7.90000009536743,22.2000007629395,7,14.1916668017705
-122.75,39.25,5.5,8.10000038146973,9.30000019073486,10.1999998092651,15.1000003814697,17.5,21.8999996185303,21.6000003814697,19.2000007629395,13.9000005722046,10.1000003814697,6.5,21.8999996185303,5.5,13.2416668732961
-122.25,39.25,6.90000009536743,10.4000005722046,12.5,13.9000005722046,19.3000011444092,22,26.1000003814697,25.5,22.8999996185303,17.1000003814697,12.5,8,26.1000003814697,6.90000009536743,16.4250002304713
-121.75,39.25,7.09999990463257,10.8000001907349,13.3000001907349,14.8000001907349,20.3000011444092,22.8999996185303,27.2000007629395,26.7000007629395,23.7000007629395,17.7000007629395,13,8.19999980926514,27.2000007629395,7.09999990463257,17.1416670084
-121.25,39.25,6.70000028610229,9.90000057220459,12.3000001907349,13.8000001907349,19,22.3000011444092,27,26.5,23,16.8999996185303,12.5,8,27,6.70000028610229,16.4916668335597
-120.75,39.25,3.29999995231628,5.90000009536743,8,9,14.3000001907349,17.3999996185303,23.3999996185303,22.6000003814697,18.1000003814697,12,8.5,4.5,23.3999996185303,3.29999995231628,12.2500000198682
-120.25,39.25,-0.800000011920929,1.60000002384186,3.90000009536743,5.09999990463257,10.3000001907349,13.4000005722046,19.7000007629395,18.8000011444092,13.8000001907349,7.90000009536743,4.59999990463257,0.5,19.7000007629395,-0.800000011920929,8.23333357274532
-119.75,39.25,-1.20000004768372,1.60000002384186,4.40000009536743,5.59999990463257,11,14.1999998092651,20.8000011444092,19.8000011444092,14.4000005722046,8.30000019073486,4.59999990463257,0.100000001490116,20.8000011444092,-1.20000004768372,8.63333356194198
-119.25,39.25,0.100000001490116,3.79999995231628,7.30000019073486,8.69999980926514,14.5,17.8000011444092,24.8999996185303,23.8999996185303,17.8999996185303,11.3000001907349,7,1.89999997615814,24.8999996185303,0.100000001490116,11.5916666767249
-118.75,39.25,0.400000005960464,4.80000019073486,8.5,9.69999980926514,15.9000005722046,18.7000007629395,27.1000003814697,25.8999996185303,19.2000007629395,12.5,8.19999980926514,2.90000009536743,27.1000003814697,0.400000005960464,12.8166668340564
-118.25,39.25,0.400000005960464,4.90000009536743,8.40000057220459,9.69999980926514,16,18.8999996185303,27.5,26.1000003814697,19.3999996185303,12.5,8.19999980926514,2.79999995231628,27.5,0.400000005960464,12.8999999885758
-117.75,39.25,-1.20000004768372,2.70000004768372,5.59999990463257,6.59999990463257,12.9000005722046,15.8000001907349,24.7000007629395,23.3000011444092,16.8999996185303,10.3000001907349,6.30000019073486,1.30000007152557,24.7000007629395,-1.20000004768372,10.4333335459232
-117.25,39.25,-0.100000001490116,4.09999990463257,7.09999990463257,8.10000038146973,14.1000003814697,17.3999996185303,26.2000007629395,24.5,18.2000007629395,11.6000003814697,7.70000028610229,2.29999995231628,26.2000007629395,-0.100000001490116,11.766666861251
-116.75,39.25,-1.70000004768372,2,4.80000019073486,5.70000028610229,11.6999998092651,14.8000001907349,23.6000003814697,21.8999996185303,16,9.60000038146973,5.90000009536743,0.600000023841858,23.6000003814697,-1.70000004768372,9.57500007748604
-116.25,39.25,-2.5,1.80000007152557,4.90000009536743,5.80000019073486,11.6999998092651,14.1000003814697,23.5,21.8000011444092,15.6000003814697,9.10000038146973,5.70000028610229,0.100000001490116,23.5,-2.5,9.30000022860865
-115.75,39.25,-3.10000014305115,2,5.90000009536743,7,12.6999998092651,15.1999998092651,24.5,22.8000011444092,16.1000003814697,9.30000019073486,6,-0.300000011920929,24.5,-3.10000014305115,9.84166677296162
-115.25,39.25,-4.20000028610229,0.900000035762787,4.80000019073486,5.90000009536743,11.3000001907349,14,22.8999996185303,21.2000007629395,14.6000003814697,8,4.90000009536743,-1.30000007152557,22.8999996185303,-4.20000028610229,8.58333341777325
-114.75,39.25,-5.80000019073486,-0.699999988079071,3.20000004768372,4.30000019073486,9.60000038146973,12.3000001907349,21.3000011444092,19.3000011444092,13,6.40000009536743,3.70000004768372,-2.5,21.3000011444092,-5.80000019073486,7.0083335886399
-114.25,39.25,-5,-0.300000011920929,3.40000009536743,4.5,9.80000019073486,12.8000001907349,21.3000011444092,19.3999996185303,13.1999998092651,6.30000019073486,3.79999995231628,-2.29999995231628,21.3000011444092,-5,7.24166676898797
-113.75,39.25,-3.79999995231628,1.89999997615814,6.70000028610229,7.90000009536743,13.1999998092651,17,25,23,16.2000007629395,8.69999980926514,5.70000028610229,-1.10000002384186,25,-3.79999995231628,10.0333334207535
-113.25,39.25,-3.79999995231628,1.89999997615814,6.59999990463257,7.80000019073486,12.8000001907349,17.1000003814697,24.3999996185303,22.3999996185303,15.8000001907349,8.5,5.5,-1.39999997615814,24.3999996185303,-3.79999995231628,9.80000001192093
-124.25,39.75,7.30000019073486,9.30000019073486,10.6999998092651,10.5,13.1999998092651,14.9000005722046,16.8999996185303,17.3999996185303,16.2000007629395,12.9000005722046,11.6000003814697,8.10000038146973,17.3999996185303,7.30000019073486,12.4166668256124
-123.75,39.75,7.80000019073486,9.90000057220459,11,11.1000003814697,15,16.6000003814697,20.3999996185303,20.5,18.7000007629395,14.3000001907349,11.8000001907349,8.80000019073486,20.5,7.80000019073486,13.8250002066294
-123.25,39.75,5.70000028610229,8,9,9.60000038146973,14.3000001907349,16.5,20.8999996185303,20.7000007629395,18.3000011444092,13.3000001907349,10,6.59999990463257,20.8999996185303,5.70000028610229,12.7416668732961
-122.75,39.75,4.70000028610229,7.20000028610229,8.30000019073486,9.40000057220459,14.6000003814697,17.3999996185303,21.8000011444092,21.5,18.7000007629395,13.1999998092651,9.30000019073486,5.59999990463257,21.8000011444092,4.70000028610229,12.6416669289271
-122.25,39.75,7.20000028610229,11,13.1999998092651,15,20.7000007629395,23.7000007629395,27.8000011444092,27.2000007629395,24.1000003814697,18,13.1000003814697,8.40000057220459,27.8000011444092,7.20000028610229,17.4500004053116
-121.75,39.75,5.90000009536743,9.69999980926514,12,13.6000003814697,19.2000007629395,22,26.6000003814697,26,22.7000007629395,16.3999996185303,11.9000005722046,7,26.6000003814697,5.90000009536743,16.0833335320155
-121.25,39.75,2.90000009536743,6,7.90000009536743,9.19999980926514,14.8000001907349,17.8000011444092,23.3000011444092,22.5,18.5,12.1000003814697,8.40000057220459,4,23.3000011444092,2.90000009536743,12.2833336194356
-120.75,39.75,0.400000005960464,3.20000004768372,5.40000009536743,6.90000009536743,12,15.4000005722046,21,20.1000003814697,15.6000003814697,9.30000019073486,5.80000019073486,1.70000004768372,21,0.400000005960464,9.73333350072304
-120.25,39.75,-0.5,2.29999995231628,5,6.30000019073486,11.6000003814697,14.8000001907349,21,20.1000003814697,14.8000001907349,8.60000038146973,5.09999990463257,0.800000011920929,21,-0.5,9.15833346545696
-119.75,39.75,-0.800000011920929,2.60000014305115,5.70000028610229,7,12.5,15.8000001907349,22.3000011444092,21.3000011444092,15.5,9.10000038146973,5.30000019073486,0.600000023841858,22.3000011444092,-0.800000011920929,9.74166695773602
-119.25,39.75,-0.600000023841858,3.10000014305115,6.40000009536743,8,13.8000001907349,17,24.2000007629395,23.1000003814697,17,10.3000001907349,6.20000028610229,1.10000002384186,24.2000007629395,-0.600000023841858,10.8000001708666
-118.75,39.75,0.400000005960464,5.09999990463257,8.90000057220459,10.1999998092651,16.3000011444092,19.1000003814697,27.5,26.2000007629395,19.3999996185303,12.6000003814697,8.30000019073486,2.79999995231628,27.5,0.400000005960464,13.066666893661
-118.25,39.75,-0.600000023841858,3.90000009536743,7.30000019073486,8.5,14.6000003814697,17.6000003814697,26.2000007629395,24.8000011444092,18,11.3000001907349,7.09999990463257,1.89999997615814,26.2000007629395,-0.600000023841858,11.7166669170062
-117.75,39.75,-1,3.29999995231628,6.5,7.5,13.8000001907349,16.6000003814697,25.5,24,17.3999996185303,10.6999998092651,6.70000028610229,1.5,25.5,-1,11.0416666865349
-117.25,39.75,-1.30000007152557,3.60000014305115,6.90000009536743,7.80000019073486,14,17,26.2000007629395,24.3999996185303,18.1000003814697,10.9000005722046,7,1.30000007152557,26.2000007629395,-1.30000007152557,11.3250001470248
-116.75,39.75,-2.70000004768372,1.70000004768372,4.90000009536743,5.70000028610229,11.5,14.8000001907349,23.7000007629395,21.8999996185303,15.8000001907349,9.19999980926514,5.59999990463257,-0.200000002980232,23.7000007629395,-2.70000004768372,9.32500007127722
-116.25,39.75,-3.20000004768372,1.89999997615814,5.5,6.30000019073486,12.1000003814697,14.5,24.3000011444092,22.5,15.9000005722046,9,5.80000019073486,-0.5,24.3000011444092,-3.20000004768372,9.5083335340023
-115.75,39.75,-4.5,1.20000004768372,5.30000019073486,6.20000028610229,11.6999998092651,14.3000001907349,23.8000011444092,21.8000011444092,15.1999998092651,8.19999980926514,5.20000028610229,-1.20000004768372,23.8000011444092,-4.5,8.93333355585734
-115.25,39.75,-4.90000009536743,0.699999988079071,5,6.09999990463257,11.4000005722046,14.1000003814697,23.3999996185303,21.5,14.8000001907349,7.80000019073486,4.90000009536743,-1.60000002384186,23.3999996185303,-4.90000009536743,8.60000006854534
-114.75,39.75,-6,-0.800000011920929,3.40000009536743,4.40000009536743,9.80000019073486,12.5,21.8000011444092,19.8000011444092,13.3000001907349,6.40000009536743,3.70000004768372,-2.60000014305115,21.8000011444092,-6,7.14166690409184
-114.25,39.75,-5.5,0.200000002980232,4.59999990463257,5.90000009536743,11.4000005722046,14.1000003814697,23.3999996185303,21.3000011444092,14.6000003814697,7.30000019073486,4.40000009536743,-2.10000014305115,23.3999996185303,-5.5,8.30000018700957
-113.75,39.75,-4.59999990463257,1.39999997615814,6.09999990463257,7.20000028610229,12.6999998092651,15.5,24.8000011444092,22.3999996185303,15.8000001907349,8,5.09999990463257,-1.70000004768372,24.8000011444092,-4.59999990463257,9.39166674017906
-113.25,39.75,-4.30000019073486,2.70000004768372,8.10000038146973,8.90000057220459,14.4000005722046,17.3999996185303,26.3999996185303,24.2000007629395,17.3000011444092,9.10000038146973,6.40000009536743,-1.20000004768372,26.3999996185303,-4.30000019073486,10.7833335796992
-124.25,40.25,7.90000009536743,9.69999980926514,10.4000005722046,10.1000003814697,13,14.1999998092651,16.6000003814697,17.2000007629395,16.3000011444092,12.8000001907349,11.6000003814697,8.90000057220459,17.2000007629395,7.90000009536743,12.3916670084
-123.75,40.25,6.59999990463257,8.90000057220459,9.80000019073486,10.1000003814697,14,16,19.1000003814697,19.3000011444092,17.6000003814697,13.1000003814697,10.8000001907349,7.59999990463257,19.3000011444092,6.59999990463257,12.741666952769
-123.25,40.25,3.60000014305115,5.90000009536743,6.80000019073486,7.59999990463257,12.4000005722046,15.1999998092651,19,18.8999996185303,16.5,11.1999998092651,8.10000038146973,4.59999990463257,19,3.60000014305115,10.8166667024295
-122.75,40.25,5.09999990463257,8.19999980926514,9.60000038146973,11,16.5,20,24.1000003814697,23.7000007629395,20.6000003814697,14.4000005722046,10.1000003814697,6,24.1000003814697,5.09999990463257,14.1083335479101
-122.25,40.25,7.20000028610229,11.1000003814697,13.1000003814697,14.8000001907349,20.8000011444092,24.3999996185303,29.3000011444092,28.5,24.8999996185303,17.8999996185303,13.1000003814697,8.19999980926514,29.3000011444092,7.20000028610229,17.7750002145767
-121.75,40.25,2.70000004768372,6.09999990463257,7.90000009536743,9.30000019073486,15.1000003814697,18.3000011444092,23.6000003814697,22.8999996185303,19,12.4000005722046,8.30000019073486,3.79999995231628,23.6000003814697,2.70000004768372,12.4500002066294
-121.25,40.25,-0.400000005960464,2.70000004768372,4.40000009536743,5.70000028610229,11.4000005722046,14.5,20.1000003814697,19.5,15.1000003814697,8.80000019073486,5.09999990463257,0.800000011920929,20.1000003814697,-0.400000005960464,8.97500015546878
-120.75,40.25,-0.400000005960464,3,5.20000028610229,6.70000028610229,12.4000005722046,15.5,21.3999996185303,20.7000007629395,15.8000001907349,9.10000038146973,5.40000009536743,0.800000011920929,21.3999996185303,-0.400000005960464,9.63333351661762
-120.25,40.25,-0.300000011920929,3.60000014305115,6.30000019073486,8,13.6999998092651,16.8000011444092,23,22.1000003814697,16.8000011444092,9.80000019073486,5.90000009536743,0.900000035762787,23,-0.300000011920929,10.5500002602736
-119.75,40.25,-0.100000001490116,4,7.30000019073486,8.90000057220459,14.8000001907349,18.5,24.6000003814697,23.3999996185303,17.3999996185303,10.6000003814697,6.40000009536743,1.30000007152557,24.6000003814697,-0.100000001490116,11.4250000932564
-119.25,40.25,-1.10000002384186,3.10000014305115,6.40000009536743,7.90000009536743,14,17.3000011444092,24.3999996185303,23.3000011444092,16.7000007629395,9.90000057220459,5.80000019073486,0.600000023841858,24.3999996185303,-1.10000002384186,10.6916669805845
-118.75,40.25,-0.600000023841858,4,7.70000028610229,8.90000057220459,14.9000005722046,17.6000003814697,25.8999996185303,24.6000003814697,17.8000011444092,10.9000005722046,7,1.60000002384186,25.8999996185303,-0.600000023841858,11.6916669607162
-118.25,40.25,-0.699999988079071,4.09999990463257,7.59999990463257,8.90000057220459,14.9000005722046,17.7000007629395,26.1000003814697,24.7000007629395,17.8000011444092,10.9000005722046,7.09999990463257,1.5,26.1000003814697,-0.699999988079071,11.7166670411825
-117.75,40.25,-1.5,3.90000009536743,7.5,8.5,14.6999998092651,18.1000003814697,26.2000007629395,24.5,17.8000011444092,10.6000003814697,6.70000028610229,1.10000002384186,26.2000007629395,-1.5,11.5083335737387
-117.25,40.25,-2,3.29999995231628,6.90000009536743,7.90000009536743,14,17.5,25.7000007629395,24,17.3999996185303,10.1999998092651,6.40000009536743,0.699999988079071,25.7000007629395,-2,11.0000000347694
-116.75,40.25,-3.60000014305115,2.10000014305115,6,6.5,12.5,14.8000001907349,24.5,22.7000007629395,16,8.90000057220459,5.70000028610229,-0.699999988079071,24.5,-3.60000014305115,9.61666681865851
-116.25,40.25,-4.20000028610229,1.89999997615814,6.09999990463257,6.80000019073486,12.3000001907349,14.9000005722046,24.3999996185303,22.3999996185303,15.6999998092651,8.69999980926514,5.70000028610229,-1.10000002384186,24.3999996185303,-4.20000028610229,9.46666663885117
-115.75,40.25,-5.40000009536743,0.600000023841858,4.90000009536743,5.70000028610229,11.1000003814697,13.6999998092651,23.1000003814697,21.2000007629395,14.5,7.5,4.59999990463257,-2.20000004768372,23.1000003814697,-5.40000009536743,8.27500012516975
-115.25,40.25,-5.80000019073486,0.100000001490116,4.40000009536743,5.40000009536743,10.8000001907349,13.4000005722046,22.8999996185303,20.8000011444092,14.1000003814697,7.09999990463257,4.20000028610229,-2.60000014305115,22.8999996185303,-5.80000019073486,7.90000016304354
-114.75,40.25,-5.70000028610229,0.100000001490116,4.5,5.70000028610229,11.3000001907349,13.9000005722046,23.3000011444092,21.3000011444092,14.5,7.20000028610229,4.30000019073486,-2.5,23.3000011444092,-5.70000028610229,8.15833362750709
-114.25,40.25,-5.20000028610229,1,5.90000009536743,7.09999990463257,12.9000005722046,15.1999998092651,25.1000003814697,22.8000011444092,15.9000005722046,8.10000038146973,5.09999990463257,-1.89999997615814,25.1000003814697,-5.20000028610229,9.33333354194959
-113.75,40.25,-3.79999995231628,3.40000009536743,8.69999980926514,9.60000038146973,15.4000005722046,18.3000011444092,27.7000007629395,25.3999996185303,18.3000011444092,9.69999980926514,6.90000009536743,-0.600000023841858,27.7000007629395,-3.79999995231628,11.5833336214224
-113.25,40.25,-3.40000009536743,3.79999995231628,9.30000019073486,10.1000003814697,15.8000001907349,18.8000011444092,28,25.8000011444092,18.7000007629395,10.1999998092651,7.40000009536743,-0.300000011920929,28,-3.40000009536743,12.0166669636965
-124.25,40.75,8.60000038146973,10.4000005722046,11.1999998092651,10.6000003814697,13.1000003814697,14,15.9000005722046,16.7000007629395,15.8000001907349,12.8000001907349,12.1999998092651,9.69999980926514,16.7000007629395,8.60000038146973,12.5833335717519
-123.75,40.75,5.40000009536743,7.70000028610229,8.80000019073486,9.10000038146973,13,15,18.2000007629395,18.3999996185303,16.5,12,9.69999980926514,6.5,18.3999996185303,5.40000009536743,11.6916667620341
-123.25,40.75,3.29999995231628,6,7.30000019073486,8.10000038146973,13.1000003814697,16,19.8999996185303,19.8000011444092,16.8999996185303,11.5,8,4.40000009536743,19.8999996185303,3.29999995231628,11.1916667819023
-122.75,40.75,2.79999995231628,5.90000009536743,7.40000009536743,8.80000019073486,14.4000005722046,17.8000011444092,22.1000003814697,21.7000007629395,18.3000011444092,12.1000003814697,7.90000009536743,3.79999995231628,22.1000003814697,2.79999995231628,11.916667064031
-122.25,40.75,5.70000028610229,9.69999980926514,11.6000003814697,13.6000003814697,19.7000007629395,23.8000011444092,28.3000011444092,27.6000003814697,23.6000003814697,16.6000003814697,11.3000001907349,6.5,28.3000011444092,5.70000028610229,16.5000004371007
-121.75,40.75,1.5,5.09999990463257,7.09999990463257,8.60000038146973,14.5,17.7000007629395,23.3999996185303,22.7000007629395,18.3999996185303,11.4000005722046,7.30000019073486,2.70000004768372,23.3999996185303,1.5,11.7000001470248
-121.25,40.75,-0.699999988079071,2.79999995231628,4.80000019073486,6.30000019073486,12.1000003814697,15.1999998092651,21.1000003814697,20.3999996185303,15.6999998092651,9,5,0.5,21.1000003814697,-0.699999988079071,9.35000002880891
-120.75,40.75,-1.80000007152557,1.80000007152557,3.90000009536743,5.40000009536743,11.3000001907349,14.4000005722046,20.5,19.7000007629395,14.6999998092651,8,4.09999990463257,-0.5,20.5,-1.80000007152557,8.45833345254262
-120.25,40.75,-1.80000007152557,2,4.5,6.20000028610229,12,15.1999998092651,21.3999996185303,20.6000003814697,15.1999998092651,8.30000019073486,4.30000019073486,-0.5,21.3999996185303,-1.80000007152557,8.95000001788139
-119.75,40.75,-1.5,2.79999995231628,5.80000019073486,7.5,13.3000001907349,16.8999996185303,23.2000007629395,22.2000007629395,16.1000003814697,9.19999980926514,5.09999990463257,0.100000001490116,23.2000007629395,-1.5,10.0583334645877
-119.25,40.75,-1.5,3.60000014305115,7.20000028610229,8.5,14.6000003814697,18.6000003814697,25.2000007629395,23.8000011444092,17.3000011444092,10.1000003814697,6.09999990463257,0.5,25.2000007629395,-1.5,11.1666670441628
-118.75,40.75,-2,3.29999995231628,7,8.10000038146973,14.1000003814697,17.6000003814697,25,23.5,16.8999996185303,9.69999980926514,6,0.400000005960464,25,-2,10.8000000442068
-118.25,40.75,-2.20000004768372,3.29999995231628,6.90000009536743,8.19999980926514,14.1000003814697,17.6000003814697,25.1000003814697,23.5,16.8000011444092,9.5,5.90000009536743,0.300000011920929,25.1000003814697,-2.20000004768372,10.750000183781
-117.75,40.75,-2.79999995231628,2.70000004768372,6.09999990463257,7.30000019073486,13.1999998092651,16.6000003814697,24.3000011444092,22.7000007629395,15.9000005722046,8.69999980926514,5.30000019073486,-0.400000005960464,24.3000011444092,-2.79999995231628,9.96666690458854
-117.25,40.75,-2.60000014305115,3.20000004768372,7,7.90000009536743,13.9000005722046,16.6000003814697,25.5,23.8000011444092,16.7000007629395,9.5,6,0,25.5,-2.60000014305115,10.6250002384186
-116.75,40.75,-3.70000004768372,2.70000004768372,6.90000009536743,7.59999990463257,13.4000005722046,16.2000007629395,25.2000007629395,23.5,16.5,9.10000038146973,5.90000009536743,-0.5,25.2000007629395,-3.70000004768372,10.2333335479101
-116.25,40.75,-4.90000009536743,1.39999997615814,5.90000009536743,6.70000028610229,12.4000005722046,15.1000003814697,24.1000003814697,22.3999996185303,15.4000005722046,8.19999980926514,5,-1.70000004768372,24.1000003814697,-4.90000009536743,9.16666679581006
-115.75,40.75,-5.80000019073486,0.800000011920929,5.5,6.40000009536743,11.6000003814697,14.6000003814697,23.5,21.6000003814697,14.6999998092651,7.5,4.70000028610229,-2.60000014305115,23.5,-5.80000019073486,8.54166675110658
-115.25,40.75,-6.80000019073486,-0.800000011920929,3.40000009536743,4.40000009536743,9.69999980926514,12.1000003814697,21.6000003814697,19.6000003814697,12.9000005722046,6,3.29999995231628,-3.60000014305115,21.6000003814697,-6.80000019073486,6.81666677693526
-114.75,40.75,-5.90000009536743,0.400000005960464,4.90000009536743,6.09999990463257,11.6000003814697,13.6999998092651,23.5,21.5,14.6000003814697,7.30000019073486,4.40000009536743,-2.60000014305115,23.5,-5.90000009536743,8.29166671882073
-114.25,40.75,-5.59999990463257,1.30000007152557,6.30000019073486,7.40000009536743,13.1999998092651,15.6000003814697,25.5,23.3000011444092,16.3000011444092,8.19999980926514,5.40000009536743,-1.89999997615814,25.5,-5.59999990463257,9.58333357175191
-113.75,40.75,-3.79999995231628,3.60000014305115,9,10,16,18.5,28.3999996185303,26.3000011444092,19,10,7.30000019073486,-0.5,28.3999996185303,-3.79999995231628,11.9833334287008
-113.25,40.75,-3.20000004768372,4,9.40000057220459,10.3000001907349,15.8000001907349,18.5,28,26.3000011444092,19.1000003814697,10.3000001907349,7.59999990463257,0,28,-3.20000004768372,12.1750002106031
-124.25,41.25,6.40000009536743,9,10.6999998092651,11.1000003814697,14.6999998092651,16.6000003814697,19.3999996185303,20,18.1000003814697,13.5,11,7.40000009536743,20,6.40000009536743,13.158333381017
-123.75,41.25,4.20000028610229,6.80000019073486,8.40000057220459,8.80000019073486,13,15.3000001907349,18.6000003814697,19.1000003814697,16.6000003814697,11.6999998092651,9,5.5,19.1000003814697,4.20000028610229,11.4166668653488
-123.25,41.25,1.30000007152557,4.20000028610229,5.59999990463257,6.5,11.6999998092651,14.6999998092651,18.8000011444092,18.8999996185303,15.5,9.80000019073486,6.30000019073486,2.5,18.8999996185303,1.30000007152557,9.65000008543332
-122.75,41.25,0,3,4.30000019073486,5.59999990463257,11.1000003814697,14.4000005722046,18.7000007629395,18.7000007629395,15,8.90000057220459,4.90000009536743,1,18.7000007629395,0,8.80000027020772
-122.25,41.25,0,3.90000009536743,5.59999990463257,7,12.8000001907349,16,21.3999996185303,21,16.6000003814697,9.80000019073486,5.80000019073486,1.20000004768372,21.3999996185303,0,10.091666718324
-121.75,41.25,-0.5,3.5,5.70000028610229,7.20000028610229,13.1000003814697,16.3999996185303,22,21.5,16.8000011444092,9.80000019073486,5.5,0.699999988079071,22,-0.5,10.141666824619
-121.25,41.25,-0.699999988079071,3.60000014305115,6,7.59999990463257,13.6999998092651,16.8999996185303,22.8999996185303,22.3000011444092,17.2000007629395,9.90000057220459,5.5,0.5,22.8999996185303,-0.699999988079071,10.4500001321236
-120.75,41.25,-2.10000014305115,2,4.40000009536743,6,12,15.3000001907349,21.3999996185303,20.8000011444092,15.4000005722046,8.30000019073486,4.09999990463257,-1,21.3999996185303,-2.10000014305115,8.88333346446355
-120.25,41.25,-2.90000009536743,1.30000007152557,3.79999995231628,5.40000009536743,11.5,14.6000003814697,21,20.3000011444092,14.6999998092651,7.59999990463257,3.5,-1.70000004768372,21,-2.90000009536743,8.25833343466123
-119.75,41.25,-3.5,1.20000004768372,4.09999990463257,5.5,11.6000003814697,15.1000003814697,21.8000011444092,20.6000003814697,14.8000001907349,7.5,3.5,-1.70000004768372,21.8000011444092,-3.5,8.37500019868215
-119.25,41.25,-3.29999995231628,1.60000002384186,4.80000019073486,6.20000028610229,12.3000001907349,15.8000001907349,22.8000011444092,21.5,15.4000005722046,7.80000019073486,4,-1.60000002384186,22.8000011444092,-3.29999995231628,8.9416669011116
-118.75,41.25,-2.29999995231628,3.29999995231628,7,8.10000038146973,14.3000001907349,17.6000003814697,25.1000003814697,23.7000007629395,16.8000011444092,9.40000057220459,5.70000028610229,-0.100000001490116,25.1000003814697,-2.29999995231628,10.7166670082758
-118.25,41.25,-2.90000009536743,2.90000009536743,6.70000028610229,7.90000009536743,14,17.3999996185303,24.8000011444092,23.3999996185303,16.3000011444092,9,5.40000009536743,-0.400000005960464,24.8000011444092,-2.90000009536743,10.3750001663963
-117.75,41.25,-3.10000014305115,2.79999995231628,6.59999990463257,7.80000019073486,13.9000005722046,17.3000011444092,24.8999996185303,23.3000011444092,16.2000007629395,8.90000057220459,5.30000019073486,-0.600000023841858,24.8999996185303,-3.10000014305115,10.2750003238519
-117.25,41.25,-3.60000014305115,2.79999995231628,6.90000009536743,7.80000019073486,13.5,16.3999996185303,25,23.2000007629395,16.2000007629395,8.90000057220459,5.80000019073486,-0.5,25,-3.60000014305115,10.200000166893
-116.75,41.25,-5.09999990463257,1.30000007152557,5.30000019073486,6.09999990463257,11.8000001907349,14.6000003814697,23.3999996185303,21.7000007629395,14.6999998092651,7.59999990463257,4.5,-1.89999997615814,23.3999996185303,-5.09999990463257,8.66666674613953
-116.25,41.25,-6.20000028610229,0,4.20000028610229,4.90000009536743,10.6999998092651,13.1000003814697,22.2000007629395,20.5,13.6999998092651,6.70000028610229,3.60000014305115,-2.90000009536743,22.2000007629395,-6.20000028610229,7.54166676600774
-115.75,41.25,-7.20000028610229,-0.699999988079071,3.79999995231628,4.90000009536743,10.3000001907349,13,22,20.3000011444092,13.6000003814697,6.30000019073486,3.5,-3.60000014305115,22,-7.20000028610229,7.18333346148332
-115.25,41.25,-6.80000019073486,-0.100000001490116,4.5,5.20000028610229,10.6000003814697,12.4000005722046,22.3000011444092,20.6000003814697,13.8000001907349,6.5,3.90000009536743,-3.20000004768372,22.3000011444092,-6.80000019073486,7.47500023432076
-114.75,41.25,-6.70000028610229,-0.100000001490116,4.40000009536743,5.30000019073486,10.6000003814697,12.8000001907349,22.3999996185303,20.7000007629395,14,6.5,4,-3,22.3999996185303,-6.70000028610229,7.57500007934868
-114.25,41.25,-5.30000019073486,1.5,6,6.70000028610229,12.1999998092651,14.4000005722046,24,22.2000007629395,15.4000005722046,7.59999990463257,5.30000019073486,-2.10000014305115,24,-5.30000019073486,8.99166681369146
-113.75,41.25,-3.70000004768372,3.40000009536743,8.60000038146973,9.30000019073486,14.9000005722046,17.2000007629395,26.8999996185303,25,18,9.69999980926514,7.20000028610229,-0.5,26.8999996185303,-3.70000004768372,11.3333334724108
-113.25,41.25,-3.70000004768372,3.5,8.69999980926514,9.5,15.1999998092651,17,27.1000003814697,25.3999996185303,18.3999996185303,9.80000019073486,7.40000009536743,-0.300000011920929,27.1000003814697,-3.70000004768372,11.4999999552965
-124.25,41.75,5.80000019073486,8.5,10,10.3000001907349,13.9000005722046,15.8000001907349,18.5,19.3000011444092,17.2000007629395,12.6999998092651,10.5,7.20000028610229,19.3000011444092,5.80000019073486,12.4750002622604
-123.75,41.75,2.10000014305115,4.80000019073486,6.5,7.20000028610229,11.6999998092651,14.1999998092651,18,18.5,15.4000005722046,10.1000003814697,7.09999990463257,3.5,18.5,2.10000014305115,9.92500009139379
-123.25,41.75,0.200000002980232,3.40000009536743,5.20000028610229,6.40000009536743,11.6000003814697,14.6000003814697,18.8999996185303,19.3000011444092,15.5,9.40000057220459,5.59999990463257,1.70000004768372,19.3000011444092,0.200000002980232,9.3166668775181
-122.75,41.75,-0.100000001490116,3.70000004768372,6,7.5,13.1999998092651,16.7000007629395,21.3000011444092,21.5,17.1000003814697,10.1999998092651,5.80000019073486,1.5,21.5,-0.100000001490116,10.3666668453564
-122.25,41.75,-1.10000002384186,3.10000014305115,5.40000009536743,6.90000009536743,12.6000003814697,15.6999998092651,21.3000011444092,21.3000011444092,16.5,9.5,5.09999990463257,0.300000011920929,21.3000011444092,-1.10000002384186,9.71666689217091
-121.75,41.75,-2.5,1.70000004768372,4.09999990463257,5.70000028610229,11.5,14.6000003814697,20.5,20.3999996185303,15.4000005722046,8.30000019073486,3.90000009536743,-1.10000002384186,20.5,-2.5,8.54166675607363
-121.25,41.75,-2.10000014305115,2.40000009536743,5.20000028610229,6.90000009536743,12.9000005722046,16,22.2000007629395,21.8999996185303,16.5,9.19999980926514,4.5,-0.600000023841858,22.2000007629395,-2.10000014305115,9.5833334227403
-120.75,41.75,-2.79999995231628,1.70000004768372,4.5,6.30000019073486,12.3000001907349,15.5,21.8000011444092,21.3999996185303,15.8000001907349,8.5,4,-1.30000007152557,21.8000011444092,-2.79999995231628,8.97500011324883
-120.25,41.75,-3.60000014305115,1.5,4.5,6,11.9000005722046,15.3000001907349,21.8999996185303,21.1000003814697,15.4000005722046,7.80000019073486,3.60000014305115,-1.80000007152557,21.8999996185303,-3.60000014305115,8.63333345452944
-119.75,41.75,-4.5,0.400000005960464,3.40000009536743,4.90000009536743,10.9000005722046,14.3000001907349,21.1000003814697,20.2000007629395,14.1999998092651,6.70000028610229,2.70000004768372,-2.70000004768372,21.1000003814697,-4.5,7.63333351661762
-119.25,41.75,-4.80000019073486,0.200000002980232,3.29999995231628,4.80000019073486,10.8000001907349,14.3000001907349,21.2000007629395,20.2000007629395,14,6.59999990463257,2.60000014305115,-2.90000009536743,21.2000007629395,-4.80000019073486,7.52500015124679
-118.75,41.75,-4.40000009536743,1.39999997615814,5.09999990463257,6.40000009536743,12.5,15.6000003814697,23.2000007629395,22,15.1999998092651,7.90000009536743,4.09999990463257,-1.80000007152557,23.2000007629395,-4.40000009536743,8.93333339691162
-118.25,41.75,-4.40000009536743,1.5,5.40000009536743,6.70000028610229,12.6999998092651,16,23.6000003814697,22.3000011444092,15.4000005722046,8,4.20000028610229,-1.70000004768372,23.6000003814697,-4.40000009536743,9.14166686932246
-117.75,41.75,-4.90000009536743,1.70000004768372,5.80000019073486,6.80000019073486,12.8000001907349,15.9000005722046,23.8000011444092,22.3999996185303,15.4000005722046,7.90000009536743,4.59999990463257,-1.80000007152557,23.8000011444092,-4.90000009536743,9.20000019669533
-117.25,41.75,-5.80000019073486,0.5,4.70000028610229,5.30000019073486,11.3000001907349,13.9000005722046,22.7000007629395,21.2000007629395,14.3000001907349,6.90000009536743,3.79999995231628,-2.60000014305115,22.7000007629395,-5.80000019073486,8.01666688919067
-116.75,41.75,-5.30000019073486,1.30000007152557,5.70000028610229,6.5,12.4000005722046,15.1000003814697,23.8000011444092,22.3000011444092,15.3000001907349,7.90000009536743,4.80000019073486,-2.10000014305115,23.8000011444092,-5.30000019073486,8.97500031193097
-116.25,41.75,-6.80000019073486,0,4.40000009536743,5.40000009536743,11,13.5,22.7000007629395,21.1000003814697,14.1999998092651,6.90000009536743,4,-3.29999995231628,22.7000007629395,-6.80000019073486,7.75833342472712
-115.75,41.75,-8,-1.5,2.5,3.5,9.10000038146973,11.5,20.7000007629395,19.3000011444092,12.5,5.40000009536743,2.5,-4.5,20.7000007629395,-8,6.08333353201548
-115.25,41.75,-8.19999980926514,-1.80000007152557,2.20000004768372,3.29999995231628,8.90000057220459,10.3000001907349,20.5,18.8999996185303,12.1999998092651,5.20000028610229,2.40000009536743,-4.5,20.5,-8.19999980926514,5.78333339095116
-114.75,41.75,-6.90000009536743,-0.100000001490116,4.30000019073486,5.09999990463257,10.5,11.9000005722046,22,20.6000003814697,13.8000001907349,6.59999990463257,4.09999990463257,-3,22,-6.90000009536743,7.40833341268202
-114.25,41.75,-6.30000019073486,0.400000005960464,4.70000028610229,5.5,10.9000005722046,12,22.3999996185303,20.8000011444092,14.1999998092651,7,4.5,-2.60000014305115,22.3999996185303,-6.30000019073486,7.79166675855716
-113.75,41.75,-5.90000009536743,0.800000011920929,5.59999990463257,6,11.1000003814697,12.6000003814697,22.6000003814697,21.3000011444092,14.8000001907349,7,4.40000009536743,-2.5,22.6000003814697,-5.90000009536743,8.15000019967556
-113.25,41.75,-5.40000009536743,1.5,6.80000019073486,7.40000009536743,12.6000003814697,13.6999998092651,24.1000003814697,22.5,16,8.10000038146973,5.40000009536743,-1.80000007152557,24.1000003814697,-5.40000009536743,9.24166676402092
-124.25,42.25,5.09999990463257,7.40000009536743,9,9.30000019073486,12.8000001907349,15,17.1000003814697,18,16.2000007629395,11.6999998092651,9.40000057220459,6.5,18,5.09999990463257,11.4583334922791
-123.75,42.25,2.29999995231628,5.20000028610229,7.09999990463257,8,12.3000001907349,15.4000005722046,18.3999996185303,19.1000003814697,16,10.5,6.90000009536743,3.60000014305115,19.1000003814697,2.29999995231628,10.4000000953674
-123.25,42.25,1.30000007152557,4.80000019073486,7.40000009536743,8.80000019073486,13.6999998092651,16.8000011444092,21,21.6000003814697,17.3999996185303,11,6.90000009536743,2.79999995231628,21.6000003814697,1.30000007152557,11.1250001291434
-122.75,42.25,0.300000011920929,4.09999990463257,6.59999990463257,8,13.4000005722046,16.8000011444092,21.3999996185303,21.8000011444092,17.3000011444092,10.5,6.09999990463257,1.80000007152557,21.8000011444092,0.300000011920929,10.6750002851089
-122.25,42.25,-2.29999995231628,1.89999997615814,4.5,5.90000009536743,11.6000003814697,14.3000001907349,20.1000003814697,20.3999996185303,15.6000003814697,8.60000038146973,4.30000019073486,-0.600000023841858,20.3999996185303,-2.29999995231628,8.69166680177053
-121.75,42.25,-2.90000009536743,1.80000007152557,5,6.80000019073486,12.6999998092651,15.6000003814697,21.5,21.7000007629395,16.3999996185303,9.10000038146973,4.40000009536743,-0.900000035762787,21.7000007629395,-2.90000009536743,9.26666676501433
-121.25,42.25,-3.40000009536743,1.30000007152557,4.40000009536743,6.20000028610229,12.1999998092651,15.1000003814697,21.3999996185303,21.3000011444092,15.9000005722046,8.5,3.90000009536743,-1.5,21.3999996185303,-3.40000009536743,8.77500016490618
-120.75,42.25,-4.20000028610229,0.5,3.40000009536743,5.20000028610229,11.3000001907349,14.1000003814697,20.6000003814697,20.5,14.8000001907349,7.5,3,-2.40000009536743,20.6000003814697,-4.20000028610229,7.85833342870076
-120.25,42.25,-4.5,0.699999988079071,3.79999995231628,5.40000009536743,11.4000005722046,14.5,21.3000011444092,20.8000011444092,14.8000001907349,7.30000019073486,3.10000014305115,-2.5,21.3000011444092,-4.5,8.00833361844222
-119.75,42.25,-4.90000009536743,0.600000023841858,4.09999990463257,5.59999990463257,11.6999998092651,15.1999998092651,22,21.3999996185303,15,7.5,3.29999995231628,-2.5,22,-4.90000009536743,8.24999991059303
-119.25,42.25,-5.20000028610229,0.300000011920929,3.79999995231628,5.30000019073486,11.5,14.9000005722046,21.8000011444092,21.2000007629395,14.6000003814697,7.09999990463257,3,-2.90000009536743,21.8000011444092,-5.20000028610229,7.95000021159649
-118.75,42.25,-5,0.800000011920929,4.40000009536743,6,12.1999998092651,15.6000003814697,22.6000003814697,21.8999996185303,15.1999998092651,7.59999990463257,3.60000014305115,-2.70000004768372,22.6000003814697,-5,8.51666667560736
-118.25,42.25,-5.30000019073486,0.800000011920929,4.70000028610229,6,12.1000003814697,15,22.7000007629395,21.7000007629395,14.9000005722046,7.40000009536743,3.60000014305115,-2.5,22.7000007629395,-5.30000019073486,8.42500023543835
-117.75,42.25,-5.30000019073486,1.10000002384186,5.09999990463257,6.30000019073486,12.1999998092651,15.3000001907349,23.1000003814697,21.8999996185303,14.9000005722046,7.5,4.09999990463257,-2.20000004768372,23.1000003814697,-5.30000019073486,8.66666669646899
-117.25,42.25,-6.09999990463257,0.699999988079071,4.90000009536743,6.09999990463257,11.9000005722046,15.1000003814697,23.2000007629395,21.7000007629395,14.6999998092651,7.30000019073486,4,-2.79999995231628,23.2000007629395,-6.09999990463257,8.39166688422362
-116.75,42.25,-6.09999990463257,0.800000011920929,5.40000009536743,6.40000009536743,12,14.5,23.5,22,14.9000005722046,7.59999990463257,4.5,-2.70000004768372,23.5,-6.09999990463257,8.56666672726472
-116.25,42.25,-6.80000019073486,0.100000001490116,4.5,5.59999990463257,11.1999998092651,13.6000003814697,22.7000007629395,21.3000011444092,14.3000001907349,7,4,-3.10000014305115,22.7000007629395,-6.80000019073486,7.86666682176292
-115.75,42.25,-6.40000009536743,0.600000023841858,5.20000028610229,6.30000019073486,11.8000001907349,14.1000003814697,23.3999996185303,21.8999996185303,15,7.59999990463257,4.59999990463257,-2.60000014305115,23.3999996185303,-6.40000009536743,8.45833332339923
-115.25,42.25,-6.09999990463257,0.900000035762787,5.40000009536743,6.40000009536743,12,14.1999998092651,23.6000003814697,22,15.1000003814697,7.90000009536743,4.90000009536743,-2.29999995231628,23.6000003814697,-6.09999990463257,8.66666676104069
-114.75,42.25,-6.20000028610229,1,5.40000009536743,6.20000028610229,11.5,13.4000005722046,22.8999996185303,22,15.1000003814697,7.70000028610229,5,-2,22.8999996185303,-6.20000028610229,8.50000007947286
-114.25,42.25,-6.40000009536743,0.699999988079071,5.40000009536743,6,11.1000003814697,12.5,22.3999996185303,21,14.5,7.5,4.59999990463257,-2.40000009536743,22.3999996185303,-6.40000009536743,8.07499998311202
-113.75,42.25,-6.20000028610229,0.800000011920929,6,6.5,11.6000003814697,12.9000005722046,22.8000011444092,21.3999996185303,14.9000005722046,7.70000028610229,4.90000009536743,-2.10000014305115,22.8000011444092,-6.20000028610229,8.43333352108796
-113.25,42.25,-6.80000019073486,0.300000011920929,5.80000019073486,6.59999990463257,11.9000005722046,12.8000001907349,23.2000007629395,21.3999996185303,15,7.59999990463257,4.70000028610229,-2.60000014305115,23.2000007629395,-6.80000019073486,8.3250000923872
